-- MySQL Script generated by MySQL Workbench
-- Fri Feb 23 17:59:16 2018
-- Model: New Model    Version: 1.0
-- MySQL Workbench Forward Engineering

SET @OLD_UNIQUE_CHECKS=@@UNIQUE_CHECKS, UNIQUE_CHECKS=0;
SET @OLD_FOREIGN_KEY_CHECKS=@@FOREIGN_KEY_CHECKS, FOREIGN_KEY_CHECKS=0;
SET @OLD_SQL_MODE=@@SQL_MODE, SQL_MODE='TRADITIONAL,ALLOW_INVALID_DATES';

-- -----------------------------------------------------
-- Schema mydb
-- -----------------------------------------------------
DROP SCHEMA IF EXISTS `mydb` ;

-- -----------------------------------------------------
-- Schema mydb
-- -----------------------------------------------------
CREATE SCHEMA IF NOT EXISTS `mydb` DEFAULT CHARACTER SET utf8 ;
USE `mydb` ;

--
-- Estructura de tabla para la tabla `comment`
--

CREATE TABLE `comment` (
  `commentId` int(10) UNSIGNED NOT NULL,
  `value` varchar(280) NOT NULL,
  `datetime` datetime NOT NULL,
  `user_email` varchar(45) NOT NULL,
  `image_imageId` varchar(45) NOT NULL
) ENGINE=InnoDB DEFAULT CHARSET=utf8;

-- --------------------------------------------------------

--
-- Estructura de tabla para la tabla `image`
--

CREATE TABLE `image` (
  `imageId` varchar(45) NOT NULL,
  `repository_repositoryId` varchar(45) NOT NULL,
  `url` longtext NOT NULL,
  `title` varchar(45) NOT NULL,
  `date` date NOT NULL,
  `description` longtext,
  `likes` int(10) UNSIGNED NOT NULL,
  `reposts` int(10) UNSIGNED NOT NULL,
  `visibility` enum('PRIVATE','HIDDEN','PUBLIC') NOT NULL,
  `programmedDateTime` bigint(20) DEFAULT NULL
) ENGINE=InnoDB DEFAULT CHARSET=utf8;

--
-- Volcado de datos para la tabla `image`
--

INSERT INTO `image` (`imageId`, `repository_repositoryId`, `url`, `title`, `date`, `description`, `likes`, `reposts`, `visibility`, `programmedDateTime`) VALUES
('8239u99fj34934', '4GjzV3mI', 'https://picsum.photos/900/800?random', 'Imagen', '2018-02-23', 'Las fotos de mi perro del verano pasado', 23, 36, 'PRIVATE', 345346),
('892j3in2ij3ninfijewn129e4', '4GjzV3mI', 'https://picsum.photos/1280/720?random', 'Lorem ipsum dolor sit amet. ', '2018-02-23', 'Aliquam vitae tincidunt sem. Nam. ', 4534, 36346, 'PRIVATE', 905642),
('hiuy234bib5nb25i23', '4GjzV3mI', 'https://picsum.photos/800/700?random', 'Lorem ipsum dolor sit amet. ', '2018-02-23', 'Lorem ipsum dolor sit amet. ', 3456, 8239, 'PUBLIC', 894567),
('in239i923ti943n20tnt0i349', '4GjzV3mI', 'https://picsum.photos/1920/1080?random', 'Donec justo metus, luctus in. ', '2018-02-23', 'Aliquam vitae tincidunt sem. Nam. ', 124, 67, 'HIDDEN', 6575345),
('kno43mni0gi340n50', '4GjzV3mI', 'https://picsum.photos/1280/720?random', 'Nulla tortor magna, tempus eget. ', '2018-02-23', 'Donec justo metus, luctus in. ', 945, 43, 'PUBLIC', 894567),
('kogfn92f92jf239nin', '4GjzV3mI', 'https://picsum.photos/1280/720?random', 'Random Image', '2018-06-12', 'Pues es una imagen aleatoria', 0, 0, 'PUBLIC', NULL),
('msdjkofnm293jri9j9ij34', '4wTR0MCRAD8U', 'https://picsum.photos/1280/720?random', 'Una foto', '2018-06-13', 'Pues la descripcion de la foto yo que se', 0, 0, 'PRIVATE', NULL),
('mskogfmi023jf0imkf9m34f9', '4GjzV3mI', 'https://picsum.photos/1280/720?random', 'Random Image', '2018-06-12', 'Pues es una imagen aleatoria', 0, 0, 'PUBLIC', NULL),
('rty45ywy45yu45yrutr', '4GjzV3mI', 'https://picsum.photos/1280/720?random', 'Random Image', '2018-06-12', 'Pues es una imagen aleatoria', 0, 0, 'PUBLIC', NULL);

-- --------------------------------------------------------

--
-- Estructura de tabla para la tabla `image_has_tag`
--

CREATE TABLE `image_has_tag` (
  `image_imageId` varchar(45) NOT NULL,
  `tag_value` varchar(45) NOT NULL
) ENGINE=InnoDB DEFAULT CHARSET=utf8;

-- --------------------------------------------------------

--
-- Estructura de tabla para la tabla `repository`
--

CREATE TABLE `repository` (
  `repositoryId` varchar(45) NOT NULL,
  `name` varchar(45) NOT NULL,
  `visible` enum('PRIVATE','HIDDEN','PUBLIC') NOT NULL,
  `description` longtext
) ENGINE=InnoDB DEFAULT CHARSET=utf8;

--
-- Volcado de datos para la tabla `repository`
--

INSERT INTO `repository` (`repositoryId`, `name`, `visible`, `description`) VALUES
('0dJiM9Q7XLPh', 'Hyaena hyaena', 'PRIVATE', 'Synergistic global benchmark'),
('0Er0drKr', 'Colaptes campestroides', 'HIDDEN', 'Customer-focused upward-trending task-force'),
('1MWqKQEWtcR4', 'Fregata magnificans', 'HIDDEN', 'Cross-group real-time structure'),
('2dHVi4CJR6C', 'Phoeniconaias minor', 'PUBLIC', 'Diverse global success'),
('2jL6220uL52K', 'Ceryle rudis', 'PUBLIC', 'Down-sized directional implementation'),
('2QXTQjdoyaX', 'Canis aureus', 'PUBLIC', 'Cross-platform holistic application'),
('3Vahbj', 'Erethizon dorsatum', 'PRIVATE', 'Configurable 6th generation artificial intelligence'),
('3x5dz7JE0ojc', 'Microcebus murinus', 'PUBLIC', 'Enterprise-wide transitional adapter'),
('3YPxV3uSP', 'Chordeiles minor', 'PUBLIC', 'Polarised encompassing strategy'),
('41z7akmfhswk', 'Dicrurus adsimilis', 'PUBLIC', 'Team-oriented directional functionalities'),
('4Fdg0rI', 'Zalophus californicus', 'PUBLIC', 'Reduced bifurcated pricing structure'),
('4GjzV3mI', 'Funambulus pennati', 'PUBLIC', 'Switchable zero tolerance protocol'),
('4JhM3tm7', 'Erethizon dorsatum', 'HIDDEN', 'Re-contextualized 6th generation matrices'),
('4LzzSrC', 'Laniaurius atrococcineus', 'PUBLIC', 'Sharable next generation info-mediaries'),
('4rwZl5d6h', 'Plegadis ridgwayi', 'HIDDEN', 'Fundamental attitude-oriented toolset'),
('4wTR0MCRAD8U', 'Boa constrictor mexicana', 'HIDDEN', 'Fully-configurable tertiary knowledge user'),
('5cgwtDxmXUh', 'Oryx gazella', 'PRIVATE', 'Organized responsive capability'),
('5gf4xed3xwM', 'Lepus arcticus', 'PUBLIC', 'Devolved actuating archive'),
('5q0S7NQoF', 'Oncorhynchus nerka', 'HIDDEN', 'Visionary coherent core'),
('6bPIkcVJ6K', 'Chelodina longicollis', 'HIDDEN', 'Reverse-engineered clear-thinking frame'),
('6CyjE9EV', 'Sula nebouxii', 'PUBLIC', 'Implemented holistic hub'),
('7zj1Vbc', 'Pycnonotus barbatus', 'HIDDEN', 'Sharable web-enabled attitude'),
('86vR8ZA', 'Spermophilus tridecemlineatus', 'PUBLIC', 'Organic global architecture'),
('8eN70e1', 'Cygnus atratus', 'PRIVATE', 'Fundamental 24 hour toolset'),
('9jB9ng', 'Otaria flavescens', 'PRIVATE', 'Open-source cohesive architecture'),
('9QSI48a', 'Buteo galapagoensis', 'HIDDEN', 'Mandatory bi-directional encryption'),
('a0ljhf7XvqL2', 'Ephipplorhynchus senegalensis', 'HIDDEN', 'Reactive leading edge success'),
('AhsuKh', 'Acrobates pygmaeus', 'HIDDEN', 'Assimilated multi-state emulation'),
('AS3fqj5t3', 'Phalacrocorax niger', 'PUBLIC', 'Multi-channelled secondary open architecture'),
('AumSHt5G8I', 'Ramphastos tucanus', 'PRIVATE', 'Diverse well-modulated function'),
('B70xHbx9nB', 'Merops nubicus', 'PUBLIC', 'Open-architected optimizing superstructure'),
('b8WvbTv5L2v', 'Stercorarius longicausus', 'PUBLIC', 'Visionary 24/7 capability'),
('be3i9jheRBb', 'Larus dominicanus', 'PUBLIC', 'Object-based explicit service-desk'),
('bHK0okAnK', 'Thylogale stigmatica', 'PRIVATE', 'Optimized mobile monitoring'),
('bTWbw9Y26', 'Gerbillus sp.', 'HIDDEN', 'Multi-channelled client-server circuit'),
('buO3SdZwz', 'Bucorvus leadbeateri', 'HIDDEN', 'Expanded systemic projection'),
('cHbD6fw', 'Pteropus rufus', 'HIDDEN', 'Upgradable solution-oriented hierarchy'),
('cPcaQJR', 'Vulpes vulpes', 'PUBLIC', 'Organic zero defect local area network'),
('Cqjxka', 'Trichoglossus chlorolepidotus', 'HIDDEN', 'Digitized even-keeled structure'),
('cSCZkHqXJ', 'Loxodonta africana', 'HIDDEN', 'Devolved local methodology'),
('CUIYlNcT9W', 'Cyrtodactylus louisiadensis', 'PRIVATE', 'Open-architected fault-tolerant product'),
('CzQ8qco4vU', 'Lycaon pictus', 'PUBLIC', 'Customer-focused solution-oriented core'),
('d1xSHToIGzf', 'Diomedea irrorata', 'HIDDEN', 'Front-line contextually-based architecture'),
('DFBcMxi9B05', 'Carduelis uropygialis', 'PUBLIC', 'Sharable value-added access'),
('dfNh8HSh', 'Marmota flaviventris', 'HIDDEN', 'Re-engineered exuding synergy'),
('dFWs5FlALx', 'Acridotheres tristis', 'PUBLIC', 'Streamlined grid-enabled secured line'),
('DHbDU8Pf', 'Paradoxurus hermaphroditus', 'PRIVATE', 'Enhanced next generation hardware'),
('dyQaCH', 'Pseudoleistes virescens', 'PUBLIC', 'Focused full-range adapter'),
('DyRiOG4ZUeT', 'Terrapene carolina', 'HIDDEN', 'Secured systemic methodology'),
('dz323G5K1ns', 'Cebus apella', 'HIDDEN', 'Compatible 5th generation functionalities'),
('e1TZ5qkcnj', 'Bettongia penicillata', 'HIDDEN', 'Cross-platform interactive initiative'),
('E5qNF1a', 'Didelphis virginiana', 'PRIVATE', 'Cross-platform disintermediate ability'),
('eanNjNKu09', 'Libellula quadrimaculata', 'PRIVATE', 'Pre-emptive well-modulated infrastructure'),
('enJs9JO', 'Haliaeetus leucoryphus', 'PUBLIC', 'Centralized logistical protocol'),
('F0iPkHY7Y', 'Notechis semmiannulatus', 'PUBLIC', 'Extended content-based success'),
('f2GwWIFUAB9Y', 'Larus fuliginosus', 'HIDDEN', 'Upgradable solution-oriented neural-net'),
('Fdrd37aoBht5', 'Tapirus terrestris', 'PUBLIC', 'Inverse eco-centric protocol'),
('G2ryUhuhteYM', 'Haliaetus leucogaster', 'HIDDEN', 'Open-source multimedia ability'),
('G5lLWaEttP', 'Tayassu tajacu', 'PRIVATE', 'Realigned didactic Graphical User Interface'),
('gd7FFex', 'Charadrius tricollaris', 'HIDDEN', 'Cross-platform optimal function'),
('gekexcgvN5QH', 'Papio cynocephalus', 'PRIVATE', 'Reactive bifurcated application'),
('GNSfSnXXY', 'Sciurus vulgaris', 'HIDDEN', 'Pre-emptive multi-state application'),
('gokLK70QlY', 'Ursus arctos', 'HIDDEN', 'Advanced client-server pricing structure'),
('GqDelfP', 'Phalaropus lobatus', 'PRIVATE', 'Innovative homogeneous access'),
('hmKXOpzBeMxw', 'Chordeiles minor', 'PRIVATE', 'De-engineered stable collaboration'),
('hqPIWoSZaHRT', 'Anthropoides paradisea', 'HIDDEN', 'Pre-emptive content-based implementation'),
('hSfU8ozsVSn', 'Cervus elaphus', 'PUBLIC', 'Reduced 4th generation array'),
('hw6ycvv', 'Ceratotherium simum', 'PRIVATE', 'Automated upward-trending matrices'),
('id0AgENL3B4', 'Crax sp.', 'PRIVATE', 'Synergized value-added attitude'),
('itVGXmhx7m', 'Grus canadensis', 'PRIVATE', 'Advanced real-time core'),
('IWLf5hXsiEY3', 'Microcebus murinus', 'PUBLIC', 'Stand-alone intangible encoding'),
('J10kWx', 'Phascogale calura', 'PUBLIC', 'Decentralized empowering orchestration'),
('jLXaZBoQ9IF', 'unavailable', 'PRIVATE', 'Centralized cohesive implementation'),
('jmRhhcyq', 'Colaptes campestroides', 'PRIVATE', 'Face to face fault-tolerant function'),
('JMYTu8Z', 'Theropithecus gelada', 'PRIVATE', 'De-engineered transitional secured line'),
('k9QDKJ', 'Meleagris gallopavo', 'PUBLIC', 'Business-focused context-sensitive protocol'),
('KCgHpkfV', 'Colobus guerza', 'HIDDEN', 'Down-sized radical ability'),
('kxDwm07tbn8', 'Bison bison', 'PRIVATE', 'Switchable local forecast'),
('kYnZtYfah', 'Macropus agilis', 'HIDDEN', 'Operative responsive function'),
('l5dkef', 'Merops nubicus', 'PUBLIC', 'Re-engineered asynchronous productivity'),
('L9wP19a', 'Zalophus californicus', 'HIDDEN', 'Progressive asymmetric framework'),
('lG1fu6tL', 'Paradoxurus hermaphroditus', 'HIDDEN', 'Configurable object-oriented Graphic Interface'),
('Lo5Cxul4G8Ke', 'Numida meleagris', 'PRIVATE', 'Vision-oriented cohesive policy'),
('LwBY5uuG', 'Grus rubicundus', 'PUBLIC', 'Up-sized non-volatile structure'),
('lYYLtFWrLn', 'Pavo cristatus', 'HIDDEN', 'Balanced content-based portal'),
('m3jSNx4Lk79', 'Pelecanus occidentalis', 'HIDDEN', 'Diverse bandwidth-monitored orchestration'),
('mI5qHvAWp2S3', 'Seiurus aurocapillus', 'PUBLIC', 'Adaptive motivating installation'),
('MLZxXxdwt35', 'Dromaeus novaehollandiae', 'HIDDEN', 'Object-based real-time framework'),
('mmiY6KOW', 'Ursus americanus', 'PRIVATE', 'Up-sized analyzing workforce'),
('NDZvRmxo', 'Papio cynocephalus', 'HIDDEN', 'Enterprise-wide non-volatile contingency'),
('nGpmWN8qGM', 'Anas punctata', 'PRIVATE', 'Future-proofed human-resource complexity'),
('O0iagFXsv5PI', 'Grus rubicundus', 'HIDDEN', 'Reduced human-resource moderator'),
('pE10MUY7', 'Bassariscus astutus', 'PUBLIC', 'Extended mobile open system'),
('Q2lpjd5tjws', 'Echimys chrysurus', 'HIDDEN', 'Fully-configurable tertiary firmware'),
('q42Ct3Gd5GXD', 'Ara macao', 'PUBLIC', 'Versatile composite capacity'),
('q97BbK5Khl', 'Phoca vitulina', 'PUBLIC', 'Fully-configurable discrete artificial intelligence'),
('qjgynj', 'Alopex lagopus', 'HIDDEN', 'Synergized 24/7 infrastructure'),
('Qkw2yQJD8v', 'Propithecus verreauxi', 'PUBLIC', 'Sharable radical data-warehouse'),
('QTEc9l0By', 'Gopherus agassizii', 'PRIVATE', 'Organized zero defect toolset'),
('R29geC4yCY', 'Sciurus vulgaris', 'PUBLIC', 'Synchronised zero tolerance time-frame'),
('R4HLyXaZ', 'Cygnus atratus', 'PUBLIC', 'Profit-focused fresh-thinking middleware'),
('rf7w1Vxj6Jrq', 'Varanus sp.', 'HIDDEN', 'Right-sized leading edge methodology'),
('rfj0uCD0bmk', 'Phascogale tapoatafa', 'HIDDEN', 'Robust analyzing time-frame'),
('RkpPmdoTM', 'Zalophus californicus', 'PRIVATE', 'Streamlined zero administration system engine'),
('sJfqJ7B', 'Macropus rufus', 'HIDDEN', 'Sharable actuating access'),
('SnFanyMahod', 'Rangifer tarandus', 'PUBLIC', 'Open-source web-enabled open system'),
('Sq8LPpmWMy', 'Pseudalopex gymnocercus', 'PUBLIC', 'Re-contextualized real-time frame'),
('Sv27zOGMZo', 'Francolinus swainsonii', 'PRIVATE', 'Grass-roots clear-thinking info-mediaries'),
('tBxIZX1mJ8', 'Platalea leucordia', 'HIDDEN', 'Object-based asymmetric installation'),
('tcHj0I', 'Antilocapra americana', 'PRIVATE', 'Implemented directional access'),
('TDUbtC', 'Bettongia penicillata', 'PRIVATE', 'Virtual client-driven array'),
('TgthiSAMP', 'Merops nubicus', 'PUBLIC', 'User-centric optimizing capacity'),
('thOfTUl', 'Xerus sp.', 'PRIVATE', 'Expanded asymmetric paradigm'),
('tMW8Lc', 'Cordylus giganteus', 'PUBLIC', 'Mandatory contextually-based initiative'),
('TnhvoXJUHG', 'Varanus komodensis', 'HIDDEN', 'Ergonomic demand-driven pricing structure'),
('U6vbgFe', 'Psophia viridis', 'HIDDEN', 'De-engineered zero administration solution'),
('UJ4SCQ5Pg', 'Sarkidornis melanotos', 'HIDDEN', 'Customizable bi-directional monitoring'),
('V2KcC2tnWz', 'Climacteris melanura', 'PUBLIC', 'Inverse uniform portal'),
('V4gB2DdLxc51', 'Felis concolor', 'PUBLIC', 'Pre-emptive demand-driven alliance'),
('vG53VCvXzK', 'Eira barbata', 'HIDDEN', 'Object-based 3rd generation firmware'),
('vMFYOrZ8epaw', 'Gerbillus sp.', 'HIDDEN', 'Devolved tertiary challenge'),
('Vmsf7uwYsF2', 'Falco peregrinus', 'HIDDEN', 'Front-line mobile implementation'),
('vtn8U1K', 'Sciurus vulgaris', 'PUBLIC', 'Progressive modular extranet'),
('VVLlNM', 'Vanellus chilensis', 'HIDDEN', 'Networked human-resource data-warehouse'),
('vwQcHTl', 'Loris tardigratus', 'PRIVATE', 'Digitized well-modulated time-frame'),
('vXr7pUA7WF', 'Francolinus leucoscepus', 'PUBLIC', 'Fully-configurable encompassing data-warehouse'),
('W6T65rJ', 'Hyaena hyaena', 'PUBLIC', 'Business-focused intangible secured line'),
('WN8BVcyLsNB7', 'Lama glama', 'PUBLIC', 'Cross-group solution-oriented encoding'),
('WxnbD9', 'Bucephala clangula', 'PUBLIC', 'Switchable directional protocol'),
('X6V4ncx0Vy', 'Eutamias minimus', 'PRIVATE', 'Reverse-engineered full-range alliance'),
('XisBhxCRG8N', 'Francolinus coqui', 'PRIVATE', 'Pre-emptive explicit local area network'),
('xmqPM28p', 'Tauraco porphyrelophus', 'PRIVATE', 'User-centric composite help-desk'),
('XPblsgw54mh3', 'Calyptorhynchus magnificus', 'PUBLIC', 'Right-sized impactful frame'),
('XtnH5493O', 'Meles meles', 'HIDDEN', 'Customer-focused hybrid website'),
('xZmATSa5Ut6r', 'Globicephala melas', 'PUBLIC', 'Organized bi-directional frame'),
('YC4zsCwlU', 'Macropus parryi', 'HIDDEN', 'Inverse logistical standardization'),
('yCoE6zsc7Rg', 'Ciconia episcopus', 'PRIVATE', 'Enterprise-wide multi-tasking neural-net'),
('YE9Q2WID9AAk', 'Milvago chimachima', 'PUBLIC', 'Integrated client-driven hub'),
('YfG3xhw', 'Trichosurus vulpecula', 'PRIVATE', 'Programmable full-range adapter'),
('yIfZId', 'Nyctanassa violacea', 'PUBLIC', 'Decentralized bottom-line help-desk'),
('yiPTRyypgEYc', 'Bubalus arnee', 'PUBLIC', 'Triple-buffered analyzing portal'),
('YpPFX2IFIBX', 'Amphibolurus barbatus', 'PUBLIC', 'Open-architected methodical hub'),
('YUBccFvoSDGt', 'Capra ibex', 'PRIVATE', 'Quality-focused 24 hour conglomeration'),
('YZKwqNI9', 'Pelecanus conspicillatus', 'PUBLIC', 'Re-contextualized didactic array'),
('Z0pVvSJ', 'Acrobates pygmaeus', 'PUBLIC', 'Synchronised background concept'),
('z2sJH3PVItR', 'Centrocercus urophasianus', 'HIDDEN', 'Phased 5th generation policy'),
('zEeCi7rPVp', 'Canis aureus', 'PUBLIC', 'Organic human-resource help-desk'),
('zuH9Afs', 'Bucorvus leadbeateri', 'PUBLIC', 'Exclusive modular conglomeration'),
('ZwNmhoIwkz', 'Phoeniconaias minor', 'PRIVATE', 'Programmable regional emulation'),
('zXYN0uJs9JD', 'Sarcorhamphus papa', 'PUBLIC', 'Switchable system-worthy data-warehouse');

-- --------------------------------------------------------

--
-- Estructura de tabla para la tabla `repository_has_user`
--

CREATE TABLE `repository_has_user` (
  `repository_repositoryId` varchar(45) NOT NULL,
  `user_email` varchar(45) NOT NULL,
  `permission` enum('OWNER','ADMIN','RW','R','BLOCKED') NOT NULL
) ENGINE=InnoDB DEFAULT CHARSET=utf8;

--
-- Volcado de datos para la tabla `repository_has_user`
--

INSERT INTO `repository_has_user` (`repository_repositoryId`, `user_email`, `permission`) VALUES
('4GjzV3mI', 'example@example.com', 'OWNER'),
('4wTR0MCRAD8U', 'example@example.com', 'ADMIN'),
('5gf4xed3xwM', 'example@example.com', 'RW');

-- --------------------------------------------------------

--
-- Estructura de tabla para la tabla `tag`
--

CREATE TABLE `tag` (
  `value` varchar(45) NOT NULL
) ENGINE=InnoDB DEFAULT CHARSET=utf8;

-- --------------------------------------------------------

--
-- Estructura de tabla para la tabla `user`
--

CREATE TABLE `user` (
  `email` varchar(45) NOT NULL,
  `username` varchar(20) NOT NULL,
  `name` varchar(20) NOT NULL,
  `surname` varchar(20) NOT NULL,
  `password` varchar(100) NOT NULL,
  `birth` date NOT NULL,
  `serveradmin` tinyint(4) NOT NULL,
  `ban` tinyint(4) NOT NULL,
  `profileImage` longtext,
  `apikey` varchar(40) DEFAULT NULL
) ENGINE=InnoDB DEFAULT CHARSET=utf8;

--
-- Volcado de datos para la tabla `user`
--

INSERT INTO `user` (`email`, `username`, `name`, `surname`, `password`, `birth`, `serveradmin`, `ban`, `profileImage`, `apikey`) VALUES
('aagdahl45@pcworld.com', 'aagdahl45', 'Ana', 'Agdahl', '15NNj7LuKtufoZxh5wiK754fwKnQ6iYyXZ', '1978-03-27', 0, 1, 'http://dummyimage.com/227x199.png/ff4444/ffffff', NULL),
('ablinde4g@eventbrite.com', 'ablinde4g', 'Ammamaria', 'Blinde', '154AeFWtd3ay79eBtuzpyfeiSNa5eNUZhc', '2007-01-23', 0, 0, 'http://dummyimage.com/139x173.png/dddddd/000000', NULL),
('abrunotti4s@dailymail.co.uk', 'abrunotti4s', 'Ardella', 'Brunotti', '147QN9cizqhQk7Yc9EEbiNj57rthmraDNd', '1975-09-30', 1, 0, 'http://dummyimage.com/204x218.bmp/cc0000/ffffff', NULL),
('aclegg2u@de.vu', 'aclegg2u', 'Allegra', 'Clegg', '1A93cyCbinthZrYNh41EjnyJtr9sKQekPu', '1973-01-16', 0, 1, 'http://dummyimage.com/103x152.bmp/dddddd/000000', NULL),
('acurston6l@thetimes.co.uk', 'acurston6l', 'Alessandro', 'Curston', '1MfvZyovwgnHgGPxArSKMZ8QH1LtkSpW28', '1986-08-12', 1, 0, 'http://dummyimage.com/223x225.png/ff4444/ffffff', NULL),
('aduce5r@cdc.gov', 'aduce5r', 'Aurelie', 'Duce', '1FHSj5im1WDg3dAA5E4Dp1pbYoyBj9zMu4', '1997-03-25', 0, 1, 'http://dummyimage.com/199x199.png/ff4444/ffffff', NULL),
('afronks3w@1688.com', 'afronks3w', 'Alvina', 'Fronks', '1DsvhEuKZfAZCzJNNSQBY87FicACps8iky', '1999-11-06', 1, 1, 'http://dummyimage.com/124x146.png/ff4444/ffffff', NULL),
('agianullir@marketwatch.com', 'agianullir', 'Audrey', 'Gianulli', '18PNdtbXMqWebpuJWs3XD8z2ckPnKBaa4X', '2011-03-02', 0, 0, 'http://dummyimage.com/180x172.jpg/dddddd/000000', NULL),
('agilbeart18@sun.com', 'agilbeart18', 'Adolphus', 'Gilbeart', '1L31iPQNzBzGBA3hF7339ZoWkChhbxwn9D', '2005-09-22', 0, 0, 'http://dummyimage.com/142x176.bmp/5fa2dd/ffffff', NULL),
('agwinnett6k@disqus.com', 'agwinnett6k', 'Arther', 'Gwinnett', '1PrV9xKB8Xv1SfCFqyREx9USvRs2Fa75aB', '1987-03-30', 0, 1, 'http://dummyimage.com/198x113.jpg/dddddd/000000', NULL),
('aharcombe48@nyu.edu', 'aharcombe48', 'Alikee', 'Harcombe', '1sZyeWbpoSQANjg32ScdybzWKCis4ChUK', '1966-01-07', 0, 1, 'http://dummyimage.com/105x132.bmp/ff4444/ffffff', NULL),
('ainchboard3s@shinystat.com', 'ainchboard3s', 'Angela', 'Inchboard', '1PA9NaBHdULeSrYaWwTh9NcMRsevdhBGF4', '1984-11-25', 1, 0, 'http://dummyimage.com/206x249.png/5fa2dd/ffffff', NULL),
('akenlin4p@reverbnation.com', 'akenlin4p', 'Aldus', 'Kenlin', '1DsSxYJYHojKeFjfx8EVeMJ4ipYtksPrix', '1984-02-08', 1, 1, 'http://dummyimage.com/139x225.png/5fa2dd/ffffff', NULL),
('alm.angel97@gmail.com', 'almAngel', 'Angel', 'Lopez', '$2y$10$ApGT4j.GeodQoLlJrUgkZuWREQ1K8omVbFMnuGCRVQs763woQxS96', '1997-05-12', 0, 0, NULL, 'd44b121fc3524fe5cdc4f3feb31ceb78'),
('aloosely69@wordpress.org', 'aloosely69', 'Ambur', 'Loosely', '19wGwvaMYZ7neVgKNZWCZFPB35NRYvHJJj', '1989-04-22', 0, 0, 'http://dummyimage.com/138x177.png/5fa2dd/ffffff', NULL),
('amcgurn3r@adobe.com', 'amcgurn3r', 'Alethea', 'McGurn', '1K3xjxcGs3RCLG6kCrzbgmzEgsbSVmALL7', '1996-01-13', 0, 0, 'http://dummyimage.com/171x120.jpg/dddddd/000000', NULL),
('aovernell30@gnu.org', 'aovernell30', 'Adelbert', 'Overnell', '1QLRUoKHsSkSHdfgybUZt6jP7FCUtYACvt', '1989-12-02', 0, 0, 'http://dummyimage.com/199x189.png/5fa2dd/ffffff', NULL),
('aphipps50@nydailynews.com', 'aphipps50', 'Ainslee', 'Phipps', '12YVa6xPwRe2aDc9QYJ5HvqfuDFzH9Gp4f', '2002-09-12', 0, 1, 'http://dummyimage.com/139x166.jpg/5fa2dd/ffffff', NULL),
('apietzke3g@dailymail.co.uk', 'apietzke3g', 'Anatole', 'Pietzke', '1GcCzWGVL2NibapqztVFviddu2QgMteXEX', '1993-10-28', 0, 0, 'http://dummyimage.com/185x174.png/dddddd/000000', NULL),
('apitcher13@buzzfeed.com', 'apitcher13', 'Ashley', 'Pitcher', '1BPktN6nYwLdkrUNpjHtSsYDN6NRkJNiLD', '1992-10-25', 1, 0, 'http://dummyimage.com/194x161.png/cc0000/ffffff', NULL),
('arobjohns4c@webnode.com', 'arobjohns4c', 'Artie', 'Robjohns', '12pfGCYL1qdJAdXp4TsRRV2fehf8qCbGip', '1990-09-22', 1, 0, 'http://dummyimage.com/166x197.png/dddddd/000000', NULL),
('aschulter51@bing.com', 'aschulter51', 'Allin', 'Schulter', '1FUrwkyekS6TTBNaiyRy6RAjYMx9EZNNdf', '1993-06-26', 1, 0, 'http://dummyimage.com/147x153.bmp/5fa2dd/ffffff', NULL),
('atuerenaw@netlog.com', 'atuerenaw', 'Aila', 'Tuerena', '1CRBhC7tf9s5NJXn9SmM9W4MxddKSixG2m', '1974-03-24', 0, 1, 'http://dummyimage.com/190x225.bmp/dddddd/000000', NULL),
('aviste6d@4shared.com', 'aviste6d', 'Aimee', 'Viste', '19VTgzFMfMxrwrEmfn8ticRtdYgLpam2ya', '1983-09-19', 1, 1, 'http://dummyimage.com/136x103.bmp/dddddd/000000', NULL),
('awatton1a@hubpages.com', 'awatton1a', 'Audra', 'Watton', '14NyvGF4yt5uv8Gqg7n2vk8FhkQ1JaTFLr', '1995-10-07', 0, 0, 'http://dummyimage.com/101x218.jpg/5fa2dd/ffffff', NULL),
('bboeckec@cam.ac.uk', 'bboeckec', 'Bret', 'Boecke', '1HGvGcGh1VEZ7XnqphtRFHAAs3jMSc3aZu', '1995-04-30', 0, 1, 'http://dummyimage.com/248x193.bmp/5fa2dd/ffffff', NULL),
('bbracey68@hao123.com', 'bbracey68', 'Bard', 'Bracey', '1DxkDQHf2NQXLn8TkBMUt9eT3Wue9pZp6n', '1991-09-29', 1, 1, 'http://dummyimage.com/184x130.png/ff4444/ffffff', NULL),
('bcain6t@wufoo.com', 'bcain6t', 'Bruce', 'Cain', '17UvUcdGVZTVDCQKCyi8SVpreHgPqnDF3S', '2002-08-23', 0, 0, 'http://dummyimage.com/218x178.png/5fa2dd/ffffff', NULL),
('bcoult40@storify.com', 'bcoult40', 'Brose', 'Coult', '1HSTs2vqhnxG1VMpHPP9qCpi5R7GtTUcRg', '2018-02-15', 1, 1, 'http://dummyimage.com/117x107.png/ff4444/ffffff', NULL),
('bcullen28@icq.com', 'bcullen28', 'Barclay', 'Cullen', '1CfWAmpavzWHgE62o4RFKivprVy9GAEAkz', '2008-07-19', 1, 1, 'http://dummyimage.com/153x107.jpg/5fa2dd/ffffff', NULL),
('bdiruggiero4z@shareasale.com', 'bdiruggiero4z', 'Blancha', 'Di Ruggiero', '1FmbLXT8JCBKEERZZjagVvXv39JWLrMkeU', '2007-04-15', 0, 1, 'http://dummyimage.com/208x156.png/dddddd/000000', NULL),
('bdriver2j@cdc.gov', 'bdriver2j', 'Barron', 'Driver', '14RNZqf8XJcHLrZ2vxJ9dLjEd8RhCtFMcW', '1995-12-15', 1, 0, 'http://dummyimage.com/115x106.jpg/cc0000/ffffff', NULL),
('beckelsn@tripod.com', 'beckelsn', 'Burnard', 'Eckels', '1LywhS64Lx4LpyJ2dv9p3RW3pNQJPc12SL', '2010-10-05', 1, 1, 'http://dummyimage.com/171x234.png/5fa2dd/ffffff', NULL),
('bknappetts@msu.edu', 'bknappetts', 'Bryana', 'Knappett', '19jWZBMzkCrNdnztDCKJYPivfX2z4GfkUf', '1995-12-19', 0, 1, 'http://dummyimage.com/159x100.png/cc0000/ffffff', NULL),
('blehuquet57@i2i.jp', 'blehuquet57', 'Berke', 'Le Huquet', '17sMiwuconcFHhJLX7JwFbHrCGxehHAANN', '1990-01-09', 0, 1, 'http://dummyimage.com/144x148.jpg/dddddd/000000', NULL),
('blevin4i@salon.com', 'blevin4i', 'Burt', 'Levin', '1LHmq37ZzL4faAxAtyXFsgvkyC6aemanhj', '1999-06-20', 0, 0, 'http://dummyimage.com/160x182.png/5fa2dd/ffffff', NULL),
('bmorales66@domainmarket.com', 'bmorales66', 'Barrett', 'Morales', '1FsP9u1DLZWpgBopgWA5fnVu6jApGLXniK', '2009-12-28', 1, 1, 'http://dummyimage.com/226x142.bmp/ff4444/ffffff', NULL),
('bmussilli1j@opera.com', 'bmussilli1j', 'Brinna', 'Mussilli', '142ZqtLMWB1dffCm53VbjQDDyd3dcKbTv1', '1976-04-07', 1, 1, 'http://dummyimage.com/116x121.png/ff4444/ffffff', NULL),
('bsummersby5f@bloglines.com', 'bsummersby5f', 'Benton', 'Summersby', '1DY6ZtN23w5XN1Zq2UBhhGtu7M7Mm7jqy9', '1998-06-05', 1, 0, 'http://dummyimage.com/141x154.jpg/ff4444/ffffff', NULL),
('btrewett4l@bing.com', 'btrewett4l', 'Bobina', 'Trewett', '1Kvn3q9iWFNmqjGDMSxs5y5JP4SxNQkBfM', '1966-01-28', 0, 1, 'http://dummyimage.com/176x107.png/ff4444/ffffff', NULL),
('byirrell21@google.cn', 'byirrell21', 'Bobbette', 'Yirrell', '179uaNeFttqmUK5C7se5AAyJ62equKLYsX', '1995-11-07', 1, 0, 'http://dummyimage.com/239x228.jpg/5fa2dd/ffffff', NULL),
('canning5j@google.it', 'canning5j', 'Carlota', 'Anning', '1A1HsB2ovvh6eH6GT1QyxQUrANMxfsvfUH', '1972-07-03', 0, 0, 'http://dummyimage.com/154x101.png/cc0000/ffffff', NULL),
('cbettisb@vinaora.com', 'cbettisb', 'Courtenay', 'Bettis', '1AxKUEAMBRz9ZVzp67TR6BcwNS5zapsy9r', '1969-11-19', 1, 0, 'http://dummyimage.com/213x164.jpg/cc0000/ffffff', NULL),
('cbrazilh@tripadvisor.com', 'cbrazilh', 'Celie', 'Brazil', '1KgX5WDPxpvfeGpVxNQDmKYwB7CEsGSQgs', '1974-03-03', 0, 0, 'http://dummyimage.com/132x133.bmp/ff4444/ffffff', NULL),
('cbrunetont@indiatimes.com', 'cbrunetont', 'Charlotta', 'Bruneton', '1HGaoAVWRF6krqUjHkLoGUhFM6vQUwBFY', '1968-04-16', 0, 1, 'http://dummyimage.com/185x121.png/cc0000/ffffff', NULL),
('ccalcraft1z@odnoklassniki.ru', 'ccalcraft1z', 'Claybourne', 'Calcraft', '16Mi5wy1N7paVi94Rh5pYbGmqWH7LjHrqr', '1998-04-16', 1, 1, 'http://dummyimage.com/106x158.jpg/cc0000/ffffff', NULL),
('cfishenden15@ezinearticles.com', 'cfishenden15', 'Clemence', 'Fishenden', '1JywA6y8RbWwY5VS41aacC6xVQrjrCqqUV', '1991-04-20', 1, 1, 'http://dummyimage.com/160x115.png/cc0000/ffffff', NULL),
('cgillbee43@i2i.jp', 'cgillbee43', 'Carline', 'Gillbee', '15YPurmniitDjofsjG5kqpoKNqqqXsvDrE', '1998-04-27', 0, 0, 'http://dummyimage.com/165x121.bmp/dddddd/000000', NULL),
('cgoddard4b@blogtalkradio.com', 'cgoddard4b', 'Clarey', 'Goddard', '126rh1fGj1q64kSFyc9WNFajTY8bJMumVG', '1985-09-10', 1, 0, 'http://dummyimage.com/245x239.jpg/dddddd/000000', NULL),
('ckapelhoff20@webnode.com', 'ckapelhoff20', 'Cassandra', 'Kapelhoff', '1Lya8UArCa5kueDuSF8oDr6rK7yJkMemwZ', '1987-08-04', 1, 1, 'http://dummyimage.com/222x170.jpg/5fa2dd/ffffff', NULL),
('cmalitrott1p@ehow.com', 'cmalitrott1p', 'Corbet', 'Malitrott', '1K74feNN4LZujK73qqZnQ4ZfZmaCrp1iEP', '1977-06-21', 1, 1, 'http://dummyimage.com/171x248.bmp/cc0000/ffffff', NULL),
('cmanuel5@elpais.com', 'cmanuel5', 'Chrysler', 'Manuel', '19UmeJc3R8dm2HF4qBVYpzQ7mbckifWCwL', '1984-01-06', 1, 1, 'http://dummyimage.com/147x144.jpg/dddddd/000000', NULL),
('cofficer49@house.gov', 'cofficer49', 'Coraline', 'Officer', '17Yq1h5bWg4AmjtpovdgvfZA2D7f4DjZ4F', '2001-01-26', 1, 0, 'http://dummyimage.com/234x246.jpg/ff4444/ffffff', NULL),
('cpohlke2p@flickr.com', 'cpohlke2p', 'Cherin', 'Pohlke', '1LGJMWE4TEh3xxBaYwvw4d8untNkfawb8B', '1986-04-09', 1, 0, 'http://dummyimage.com/195x241.jpg/ff4444/ffffff', NULL),
('csloper27@wikispaces.com', 'csloper27', 'Catie', 'Sloper', '1BvFLQyKCpNHkZw3biKw1PkrMUEK9Tj8a3', '1969-08-15', 0, 1, 'http://dummyimage.com/238x250.png/5fa2dd/ffffff', NULL),
('cstonhewer3e@reverbnation.com', 'cstonhewer3e', 'Clotilda', 'Stonhewer', '17MC3sjJBqJ1H8ZeFXrzhq8e9KLAV1x6UE', '1981-09-19', 0, 0, 'http://dummyimage.com/188x245.bmp/dddddd/000000', NULL),
('cswatridge4n@google.co.uk', 'cswatridge4n', 'Christiane', 'Swatridge', '171r1BWLGpis2Aya26LoZYiVXJDwesy2im', '1988-04-05', 0, 1, 'http://dummyimage.com/121x128.bmp/5fa2dd/ffffff', NULL),
('ctzar32@blinklist.com', 'ctzar32', 'Catarina', 'Tzar', '1Afe4gNoG94b8sWpSTYm7sYpBqnLECqN5h', '1996-02-04', 0, 1, 'http://dummyimage.com/147x246.png/dddddd/000000', NULL),
('cvickd@t.co', 'cvickd', 'Cheston', 'Vick', '15WGkYGgWeBm2WcoRMNKBJEuTYFe5khYcR', '1999-03-14', 1, 0, 'http://dummyimage.com/158x100.png/ff4444/ffffff', NULL),
('ddrayn2n@dion.ne.jp', 'ddrayn2n', 'Donny', 'Drayn', '1P1p5xg7HWAW3iGi5SwwPPQbwTXvxnbazx', '2011-03-14', 0, 0, 'http://dummyimage.com/124x212.jpg/ff4444/ffffff', NULL),
('ddunton6f@networkadvertising.org', 'ddunton6f', 'Dorthea', 'Dunton', '1Jt3PAbtzuMf1xSdtWbxeDtXYx63xLJNG2', '1990-09-19', 1, 0, 'http://dummyimage.com/136x156.bmp/ff4444/ffffff', NULL),
('djoye46@irs.gov', 'djoye46', 'Dorthy', 'Joye', '1EdAFtuSyeFGU1vQ7av6XQivRxvgQWm8YS', '1974-05-14', 0, 0, 'http://dummyimage.com/238x232.png/5fa2dd/ffffff', NULL),
('dmackellen1y@merriam-webster.com', 'dmackellen1y', 'Daniella', 'MacKellen', '1FrzrPUrnPmBPH18NRU3ezs5wfEkRLbRph', '1992-12-15', 0, 0, 'http://dummyimage.com/151x141.png/5fa2dd/ffffff', NULL),
('dmuskett5y@tripod.com', 'dmuskett5y', 'Dorry', 'Muskett', '14zWn16ZAcw1K9j9AKLaRU3d78udzeXHXp', '1991-08-03', 0, 0, 'http://dummyimage.com/208x167.jpg/cc0000/ffffff', NULL),
('dpatshull6q@google.co.uk', 'dpatshull6q', 'Donnajean', 'Patshull', '1HGMw3ixXDQDqZwxRrb9WqLp5ffSSPUhAJ', '1970-03-21', 1, 0, 'http://dummyimage.com/174x190.png/dddddd/000000', NULL),
('dpotebury2s@disqus.com', 'dpotebury2s', 'Drucill', 'Potebury', '1L97f5RzpFjGkMpuLSFAGqV3H3ACyb1Ly6', '1968-05-26', 1, 0, 'http://dummyimage.com/124x198.jpg/ff4444/ffffff', NULL),
('dpremble19@reddit.com', 'dpremble19', 'Dick', 'Premble', '1HGzSuHfXAmi4CQ4SKzwRwUDSQquprmzTS', '1991-06-07', 0, 1, 'http://dummyimage.com/191x155.png/dddddd/000000', NULL),
('dtimckep@linkedin.com', 'dtimckep', 'Dimitry', 'Timcke', '18y9ovtHRXnY2kceqqywn9xK4pQ2UygNUS', '1971-01-28', 1, 0, 'http://dummyimage.com/122x212.jpg/cc0000/ffffff', NULL),
('duci@sogou.com', 'duci', 'Dian', 'Uc', '1LXX6QEggsEv4diJNNvC5LFhakfdMgQhpA', '2009-08-14', 1, 1, 'http://dummyimage.com/191x210.jpg/ff4444/ffffff', NULL),
('dvlasenko5b@globo.com', 'dvlasenko5b', 'Danit', 'Vlasenko', '1MXkhG27eM7Hnxw6Y4DGtZfnd6MQWwjfKf', '2010-10-16', 1, 0, 'http://dummyimage.com/204x127.bmp/cc0000/ffffff', NULL),
('eabry5i@naver.com', 'eabry5i', 'Elmo', 'Abry', '1JXwGC3qnd2VukyHfjEz3ocABcv8jCKnpm', '2013-09-18', 1, 1, 'http://dummyimage.com/163x157.bmp/dddddd/000000', NULL),
('eboarer4w@ebay.co.uk', 'eboarer4w', 'Erina', 'Boarer', '1PDB5FWKjb9FCoj9YpNTwbJ3ckaSGfKPHz', '1995-11-29', 1, 1, 'http://dummyimage.com/112x143.jpg/cc0000/ffffff', NULL),
('ebolsteridgex@tuttocitta.it', 'ebolsteridgex', 'Ellswerth', 'Bolsteridge', '1PLT1JGm9fdb5PPviob1Y6vxQftoVuG8r6', '2012-09-07', 1, 1, 'http://dummyimage.com/172x234.bmp/dddddd/000000', NULL),
('eboycott2m@loc.gov', 'eboycott2m', 'Elia', 'Boycott', '1H43r1tLP3GyBneY9t2rTXSTgTfr6gh4QP', '1997-12-24', 0, 0, 'http://dummyimage.com/219x112.png/dddddd/000000', NULL),
('ebrendel22@youku.com', 'ebrendel22', 'Ellerey', 'Brendel', '1LsgqJ4NbTjpHQyL84efpUWZPyvxPpk7Je', '2003-02-16', 0, 1, 'http://dummyimage.com/219x156.jpg/dddddd/000000', NULL),
('edanilin2q@ifeng.com', 'edanilin2q', 'Enoch', 'Danilin', '1BW3NtYCC8Cf8xHuXRb8QXgBcK4K29LEDZ', '2003-08-06', 1, 0, 'http://dummyimage.com/132x165.png/cc0000/ffffff', NULL),
('eeager3p@devhub.com', 'eeager3p', 'Ettie', 'Eager', '1HDPgx9JQv1KneXR5Pe3QYtFmpt6xpsNud', '1988-07-15', 0, 0, 'http://dummyimage.com/191x216.jpg/ff4444/ffffff', NULL),
('egehrickeu@odnoklassniki.ru', 'egehrickeu', 'Emmet', 'Gehricke', '169kDTPKeGtd1WGGqhfDGcQxbH3hdkGf5N', '1996-11-10', 1, 0, 'http://dummyimage.com/172x145.png/5fa2dd/ffffff', NULL),
('egenny4d@amazon.co.jp', 'egenny4d', 'Emmott', 'Genny', '1AFQnGcQTLNuSkjU8w8vfDTKHQmzBRxzGJ', '1977-03-15', 1, 0, 'http://dummyimage.com/243x183.jpg/5fa2dd/ffffff', NULL),
('elinturn6h@taobao.com', 'elinturn6h', 'Erena', 'Linturn', '1LmDEo8N54Uxpz6yVvpxmZdkn9Cb2C5Joa', '2011-02-18', 1, 1, 'http://dummyimage.com/164x100.jpg/dddddd/000000', NULL),
('ematfin5k@cnn.com', 'ematfin5k', 'Evvy', 'Matfin', '1uMoqRN41N44YTWTC5MBTfVSB8MaVxrRH', '1979-12-14', 0, 1, 'http://dummyimage.com/187x229.png/ff4444/ffffff', NULL),
('emelbourne5d@cpanel.net', 'emelbourne5d', 'Ellswerth', 'Melbourne', '1QHsZuJjvPriCMCd3NmvDWYJUbPA99S3TD', '1975-10-07', 1, 0, 'http://dummyimage.com/164x115.bmp/dddddd/000000', NULL),
('ephlippsen1u@mediafire.com', 'ephlippsen1u', 'Edyth', 'Phlippsen', '12BdKruJh4uDBgnhtZmiPLNdtDyfYgwspj', '1966-11-12', 1, 1, 'http://dummyimage.com/149x138.png/ff4444/ffffff', NULL),
('epilgrim1d@tumblr.com', 'epilgrim1d', 'Electra', 'Pilgrim', '19ZqhgtjL2w6EY3sH3FyTK3Nh2gjCfYT2D', '2009-10-07', 0, 0, 'http://dummyimage.com/243x220.bmp/dddddd/000000', NULL),
('eplaskitt5z@drupal.org', 'eplaskitt5z', 'Erwin', 'Plaskitt', '1DN558oFmBRFEwo5nsLP9ajZSZ2ttcfRfM', '1987-02-04', 0, 1, 'http://dummyimage.com/120x205.jpg/ff4444/ffffff', NULL),
('ewhymark1k@sciencedirect.com', 'ewhymark1k', 'Elna', 'Whymark', '1JYiSZDynMCdHdKUY4CUeU5J3uPzP8Hcef', '1996-09-25', 1, 1, 'http://dummyimage.com/219x186.jpg/ff4444/ffffff', NULL),
('ewontner2t@istockphoto.com', 'ewontner2t', 'Emmott', 'Wontner', '1BdNbNW9bbHZKKo9sU7qKSpyyKi5uo9WbT', '2008-07-19', 1, 0, 'http://dummyimage.com/134x212.bmp/cc0000/ffffff', NULL),
('example@example.com', 'example', 'Example', 'Example', '$2y$10$Z27A5YLDVRigBcKmjQo3qO2mWdrOs/sZo2dRN61wQjiu4QZ9Ay/mW', '2018-02-23', 1, 0, 'http://dummyimage.com/228x212.jpg/5fa2dd/ffffff', '5b715e3871f72052403f2d2f9dbc81224515486c'),
('fbeadnall6j@boston.com', 'fbeadnall6j', 'Ford', 'Beadnall', '1FJf8kLYUjyd2Ld8aW8PVTDv3PgeacQdVC', '1992-09-13', 1, 1, 'http://dummyimage.com/245x208.bmp/cc0000/ffffff', NULL),
('fdooley0@pcworld.com', 'fdooley0', 'Fanya', 'Dooley', '1P15fW3UWLxus5RJjSnHMC1yBmSoBeBPGv', '1968-12-24', 1, 0, 'http://dummyimage.com/228x212.jpg/5fa2dd/ffffff', NULL),
('fmingotti14@surveymonkey.com', 'fmingotti14', 'Fraze', 'Mingotti', '1ERNhnEiVpmKCzfckSBNamEup7fhX3MuPS', '1981-01-19', 1, 1, 'http://dummyimage.com/241x248.bmp/5fa2dd/ffffff', NULL),
('fpadson4v@cam.ac.uk', 'fpadson4v', 'Frederica', 'Padson', '1FhCT2V8vCendGxG72G7iUaFVjDXZ7nDWL', '1968-03-23', 0, 0, 'http://dummyimage.com/208x123.jpg/5fa2dd/ffffff', NULL),
('fsorensen2z@nyu.edu', 'fsorensen2z', 'Filippo', 'Sorensen', '1GpAs351nUq15oNMW7TPnCcKbbxc8MSTh3', '1978-04-24', 1, 1, 'http://dummyimage.com/231x172.bmp/ff4444/ffffff', NULL),
('galthrop3b@harvard.edu', 'galthrop3b', 'Giustina', 'Althrop', '1EFPnK5R38GjHbL8LSQrNvYM1WhWvNjVba', '1984-04-16', 1, 1, 'http://dummyimage.com/140x149.png/dddddd/000000', NULL),
('gblitz4m@usda.gov', 'gblitz4m', 'Gordy', 'Blitz', '15VzemqQD7eWGy1WnWFLxpdSzk5Vu2hs7x', '2007-07-09', 1, 0, 'http://dummyimage.com/122x153.png/dddddd/000000', NULL),
('gchristofor3n@adobe.com', 'gchristofor3n', 'Gaylord', 'Christofor', '14p2qawbYWgPzvnzH2ksZMYf9CTQA1gsL8', '2017-03-28', 1, 0, 'http://dummyimage.com/177x102.jpg/ff4444/ffffff', NULL),
('gguerrazzi1m@wordpress.org', 'gguerrazzi1m', 'Gardie', 'Guerrazzi', '14sD7HC6kiX9pUApimBbWKjReAiTdTibwG', '1994-05-17', 1, 0, 'http://dummyimage.com/196x136.jpg/5fa2dd/ffffff', NULL),
('ghamshar54@yelp.com', 'ghamshar54', 'Gabriele', 'Hamshar', '1FvrrLw6zBZBC57eH8Jro2WJLSsgnqKwte', '1993-10-14', 0, 1, 'http://dummyimage.com/109x204.jpg/dddddd/000000', NULL),
('gjeste34@state.gov', 'gjeste34', 'Ginger', 'Jeste', '13ZeP2HbPUuEfHe5pdUwkK9Vjup8aHRE4T', '1981-01-27', 1, 1, 'http://dummyimage.com/155x196.png/ff4444/ffffff', NULL),
('gmilier31@ifeng.com', 'gmilier31', 'Griz', 'Milier', '1EF4BwjmvbHFLhJp8XjjcrbQwr2z7Hzn8S', '1997-03-17', 1, 1, 'http://dummyimage.com/148x198.bmp/dddddd/000000', NULL),
('goades63@g.co', 'goades63', 'Glynn', 'Oades', '1FKCaLckkqxdoCDttZTDckNSGb5Mxw1wYM', '1967-01-13', 0, 1, 'http://dummyimage.com/224x101.png/5fa2dd/ffffff', NULL),
('gryder58@addtoany.com', 'gryder58', 'George', 'Ryder', '1DMp7xr7Qym3TrtN8jLf5w8kjhacqx1kvG', '1987-06-29', 0, 0, 'http://dummyimage.com/108x110.jpg/5fa2dd/ffffff', NULL),
('hbackler3m@ox.ac.uk', 'hbackler3m', 'Hartley', 'Backler', '1APCCV9jTPC3trxMZaeEEhho65AimMmT3r', '1989-05-20', 1, 1, 'http://dummyimage.com/211x247.png/cc0000/ffffff', NULL),
('hbodocs1x@delicious.com', 'hbodocs1x', 'Hussein', 'Bodocs', '13bayAH5KW12XjQSMGZH935LH3pwKFZirU', '2013-06-08', 1, 0, 'http://dummyimage.com/189x148.jpg/dddddd/000000', NULL),
('hbogart47@istockphoto.com', 'hbogart47', 'Heinrik', 'Bogart', '16NEn3wU8Ji5dE1DSR7bvTjWGu1bGdHSux', '2000-01-29', 0, 0, 'http://dummyimage.com/195x134.jpg/dddddd/000000', NULL),
('hcrohan44@bloomberg.com', 'hcrohan44', 'Hermon', 'Crohan', '1GpZmnLttVLwH77Ff3ds25esxauMwkohnt', '1980-06-07', 0, 1, 'http://dummyimage.com/238x170.jpg/cc0000/ffffff', NULL),
('hdomerc60@godaddy.com', 'hdomerc60', 'Hollie', 'Domerc', '12yUcudRbUGQoa4cjr27kkbJR5xffhYLks', '1966-01-13', 0, 0, 'http://dummyimage.com/206x226.bmp/ff4444/ffffff', NULL),
('hgibben3x@chron.com', 'hgibben3x', 'Hughie', 'Gibben', '1DQ7vBiuRErEqjABmmQr2x2CeP3Bjb4rFg', '2017-04-13', 1, 1, 'http://dummyimage.com/225x232.png/dddddd/000000', NULL),
('hhaxell5h@t.co', 'hhaxell5h', 'Horatio', 'Haxell', '13ieNHPKEaQmrQYkR8E6i9dA7nMwWYSo3L', '2008-01-08', 0, 1, 'http://dummyimage.com/131x166.jpg/dddddd/000000', NULL),
('hizzatt6g@cam.ac.uk', 'hizzatt6g', 'Hernando', 'Izzatt', '1PzvwXq9xn4hybctkNgip6Jok8PrBEpqPf', '2008-03-01', 1, 0, 'http://dummyimage.com/221x136.bmp/cc0000/ffffff', NULL),
('hlandrick2a@ted.com', 'hlandrick2a', 'Henka', 'Landrick', '1GDgm7ymih92mdB9m2QSCXwpQdQsR5BsKw', '1990-07-01', 1, 1, 'http://dummyimage.com/162x146.bmp/5fa2dd/ffffff', NULL),
('hloidl5u@parallels.com', 'hloidl5u', 'Hadrian', 'Loidl', '1Q9ieHU4vr5bpTy1qfhe1CuHuLtEbaZS4S', '1998-05-07', 1, 1, 'http://dummyimage.com/106x122.png/dddddd/000000', NULL),
('iagnew2l@ning.com', 'iagnew2l', 'Ingemar', 'Agnew', '1227DCovfNbowxxGr9m6T9wSZJYnVQo5Jo', '2011-05-02', 1, 0, 'http://dummyimage.com/159x209.bmp/dddddd/000000', NULL),
('ibeeden2v@cam.ac.uk', 'ibeeden2v', 'Issiah', 'Beeden', '1BEL45TVxcMN1TW8NdxJQAxBvMrEk6sPi1', '1979-03-14', 1, 0, 'http://dummyimage.com/240x184.jpg/dddddd/000000', NULL),
('idunderdale6i@photobucket.com', 'idunderdale6i', 'Isidoro', 'Dunderdale', '18v4X1s5dHfYf7ZsdqbFmbwsFrh5t4iGoq', '1966-03-07', 0, 1, 'http://dummyimage.com/179x145.bmp/ff4444/ffffff', NULL),
('iglendenning5o@goo.ne.jp', 'iglendenning5o', 'Ignazio', 'Glendenning', '1xReohJzrMeFW2FTBDCB4Gna63ubEscDv', '2012-09-07', 0, 0, 'http://dummyimage.com/240x204.png/5fa2dd/ffffff', NULL),
('imathwin1w@utexas.edu', 'imathwin1w', 'Ike', 'Mathwin', '18fUs4QfK7BwQue4wTrR1C6NXpcoihApYd', '1995-12-01', 1, 0, 'http://dummyimage.com/194x183.bmp/cc0000/ffffff', NULL),
('imattia5c@addtoany.com', 'imattia5c', 'Issy', 'Mattia', '1CZErEfqqzWQVi8y1nzkiZuQVicjaqN8WG', '2006-09-21', 0, 1, 'http://dummyimage.com/126x201.png/5fa2dd/ffffff', NULL),
('isprowson3h@is.gd', 'isprowson3h', 'Irving', 'Sprowson', '1kEYTSNU9nMtzR8jco1iHR8YPeM3eMVcN', '1970-11-10', 1, 1, 'http://dummyimage.com/193x191.png/ff4444/ffffff', NULL),
('jantoniewicz24@techcrunch.com', 'jantoniewicz24', 'Jaquelin', 'Antoniewicz', '1PD51CkghkoPcSPk7UCxxCPkbcbJnVFM2M', '1987-08-23', 0, 0, 'http://dummyimage.com/170x226.jpg/5fa2dd/ffffff', NULL),
('jarpin6v@microsoft.com', 'jarpin6v', 'Janos', 'Arpin', '12YZq17mnVWuJLRL8dabHXEpLyR8EWBH8g', '1996-01-28', 0, 0, 'http://dummyimage.com/204x117.jpg/dddddd/000000', NULL),
('jcapponer3a@amazon.co.jp', 'jcapponer3a', 'Jane', 'Capponer', '1QF3cKUeMgF3zTGB7y28bnRkF34wQCQNke', '1990-09-11', 0, 0, 'http://dummyimage.com/187x125.jpg/dddddd/000000', NULL),
('jfeeny2f@virginia.edu', 'jfeeny2f', 'Jared', 'Feeny', '1Gm6gDnLneLsW6NUWKG5ywekPXLY614QNT', '1990-03-23', 1, 1, 'http://dummyimage.com/102x181.png/dddddd/000000', NULL),
('jguillon3v@cmu.edu', 'jguillon3v', 'Jae', 'Guillon', '1PC8hTAAtYLueThjKxGupYEc8dQpn3PJxj', '1967-06-02', 1, 0, 'http://dummyimage.com/198x212.jpg/5fa2dd/ffffff', NULL),
('jharmour5w@hostgator.com', 'jharmour5w', 'Jacquette', 'Harmour', '1Gq3rHk372pjueWDu3RL3nZag5R8oth3h3', '1982-08-16', 1, 1, 'http://dummyimage.com/121x141.png/dddddd/000000', NULL),
('jjenyns5s@jimdo.com', 'jjenyns5s', 'Jonah', 'Jenyns', '1LdxrKSNFTQDtraggFLqbvtizzvciZUzzt', '1966-06-15', 1, 0, 'http://dummyimage.com/110x190.png/5fa2dd/ffffff', NULL),
('jkrochmann4y@sitemeter.com', 'jkrochmann4y', 'Jacqui', 'Krochmann', '13Nu9iX4YjApuaLgboePJcP7fFZyaMXrF2', '2001-07-08', 1, 0, 'http://dummyimage.com/209x193.bmp/ff4444/ffffff', NULL),
('jmarten6a@nydailynews.com', 'jmarten6a', 'Jabez', 'Marten', '115yrwkJwmxaELDfHbBQUHFhYy1enm8w4', '2007-07-25', 1, 0, 'http://dummyimage.com/140x180.bmp/5fa2dd/ffffff', NULL),
('jmazey2c@purevolume.com', 'jmazey2c', 'Jania', 'Mazey', '1PDrrET4jCAZMpX9hzPCd8QS9j19u9Q2Li', '1982-12-21', 1, 0, 'http://dummyimage.com/182x125.png/dddddd/000000', NULL),
('jmccrachen64@goo.ne.jp', 'jmccrachen64', 'Jamil', 'McCrachen', '18Saox27p3GUqHVBe4pQpbb53U1E8brhsE', '1977-07-27', 1, 0, 'http://dummyimage.com/222x229.jpg/cc0000/ffffff', NULL),
('jpennoneg@ucsd.edu', 'jpennoneg', 'Julina', 'Pennone', '19TJXUcTvePJ9UStywGGnaH7grQurB1c3M', '1985-11-09', 0, 1, 'http://dummyimage.com/128x235.jpg/5fa2dd/ffffff', NULL),
('jprinn5l@businesswire.com', 'jprinn5l', 'Johnathan', 'Prinn', '1f9oyK8GC8qcEMHmHWuBwqErcPxuWtzE2', '1975-04-18', 1, 1, 'http://dummyimage.com/169x145.png/ff4444/ffffff', NULL),
('jtweed1c@twitpic.com', 'jtweed1c', 'Jermaine', 'Tweed', '17np2nfAA5ytmc4KPqW2rAB16gwbN81hb6', '2005-12-23', 0, 0, 'http://dummyimage.com/161x200.bmp/5fa2dd/ffffff', NULL),
('jverrico5n@marriott.com', 'jverrico5n', 'Jannel', 'Verrico', '11vFefdATMneeV7Xg2Eb9vH2vktA7qm1g', '2014-01-02', 0, 1, 'http://dummyimage.com/106x173.bmp/5fa2dd/ffffff', NULL),
('jwardhough67@list-manage.com', 'jwardhough67', 'Jermayne', 'Wardhough', '1H8BqpQHBawtJMHH851c5XXyTdCWKGwsAU', '1987-10-28', 1, 1, 'http://dummyimage.com/186x212.jpg/5fa2dd/ffffff', NULL),
('jwattins3u@homestead.com', 'jwattins3u', 'Jan', 'Wattins', '1AQfGVw2RpAEJGtwSk2jHWKrjf4QNy9Lo4', '2000-06-15', 0, 0, 'http://dummyimage.com/144x121.jpg/ff4444/ffffff', NULL),
('jwhelane@themeforest.net', 'jwhelane', 'Josy', 'Whelan', '1HCQ2WmkqCb6WvXPaKfaz3sUqvipx8TRUQ', '2011-11-29', 0, 1, 'http://dummyimage.com/126x122.jpg/ff4444/ffffff', NULL),
('kalexandersson26@histats.com', 'kalexandersson26', 'Kim', 'Alexandersson', '1Dm1a8apeGKAqhQi3BCh4oDdsUekhjvXMF', '1999-04-26', 0, 1, 'http://dummyimage.com/155x114.png/cc0000/ffffff', NULL),
('kallatt3f@squarespace.com', 'kallatt3f', 'Kimberly', 'Allatt', '1KymHcxcg81KW3MCe3bR4LVjZstWWnWvmG', '1980-03-03', 0, 0, 'http://dummyimage.com/159x222.jpg/ff4444/ffffff', NULL),
('kandreopolos4k@last.fm', 'kandreopolos4k', 'Kyle', 'Andreopolos', '158Pc4mCcfj6Ne3RJsXVBUNySDXh1C79q4', '1996-12-14', 1, 0, 'http://dummyimage.com/211x231.bmp/ff4444/ffffff', NULL),
('kbonicelli9@nifty.com', 'kbonicelli9', 'Kirstyn', 'Bonicelli', '13UPL1cW7NrVv24t1XCe2vgMg2vFCgsxpP', '1969-10-17', 1, 1, 'http://dummyimage.com/244x142.png/cc0000/ffffff', NULL),
('khowcroft39@vinaora.com', 'khowcroft39', 'Kleon', 'Howcroft', '15A4h7tzjVVZQFmi3czFr3WJUA7kGaE8KZ', '1988-04-15', 0, 1, 'http://dummyimage.com/145x103.png/ff4444/ffffff', NULL),
('kklimashevich3y@nih.gov', 'kklimashevich3y', 'Kylen', 'Klimashevich', '14phx9UQsuhXrKdNHLuUNSfJ5XdzbqAdBX', '1999-01-12', 0, 1, 'http://dummyimage.com/140x160.jpg/ff4444/ffffff', NULL),
('klabet2g@europa.eu', 'klabet2g', 'Kile', 'Labet', '1K75r3TDPgcxjihkMufk1uV7EXhc471Pof', '1993-07-01', 1, 0, 'http://dummyimage.com/216x111.png/cc0000/ffffff', NULL),
('kmcwhorter42@bing.com', 'kmcwhorter42', 'Kahaleel', 'McWhorter', '1CffL6DeWCAXttatCRkUatDP2fV3kbCxsz', '1994-08-15', 0, 1, 'http://dummyimage.com/238x125.jpg/5fa2dd/ffffff', NULL),
('knoraway5q@wordpress.org', 'knoraway5q', 'Keven', 'Noraway', '12X6nv7xgbNjUaZ358wgS5o7bSmr6V4ffe', '1991-09-20', 1, 1, 'http://dummyimage.com/228x228.bmp/5fa2dd/ffffff', NULL),
('kreuther3k@pbs.org', 'kreuther3k', 'Kenneth', 'Reuther', '1BFGD4XyDXAZCuGo4c4hAEHxFtpzf5J26j', '2016-12-10', 0, 0, 'http://dummyimage.com/238x237.png/5fa2dd/ffffff', NULL),
('krosenstein59@google.cn', 'krosenstein59', 'Katrinka', 'Rosenstein', '1Jwoh9SGzHAst4PWUXugTAHvUzWL15DmEQ', '1971-04-01', 1, 0, 'http://dummyimage.com/163x116.jpg/cc0000/ffffff', NULL),
('ksarrell1s@yellowpages.com', 'ksarrell1s', 'Kimbell', 'Sarrell', '19Fcjmi884gkAkMDfErSdxuvfBfJmjbwVu', '1972-05-09', 0, 0, 'http://dummyimage.com/208x209.jpg/ff4444/ffffff', NULL),
('kslorach1r@clickbank.net', 'kslorach1r', 'Katrine', 'Slorach', '1HM7iPPYdonJq6DFTzMidgnCS3GnpLr1xH', '1986-06-20', 0, 1, 'http://dummyimage.com/102x237.bmp/5fa2dd/ffffff', NULL),
('ktopes5m@guardian.co.uk', 'ktopes5m', 'Kettie', 'Topes', '15dRDFCJgeot21sAznZJnW4fQXF82j8DMC', '1997-02-25', 1, 0, 'http://dummyimage.com/193x198.bmp/dddddd/000000', NULL),
('lanstey55@feedburner.com', 'lanstey55', 'Ludvig', 'Anstey', '1AhnBF2GsLgtqiWL71QNdLx3HqaxihwBUw', '1970-02-24', 0, 1, 'http://dummyimage.com/155x198.jpg/ff4444/ffffff', NULL),
('ldellenbroker2w@weibo.com', 'ldellenbroker2w', 'Lilian', 'Dellenbroker', '1KrJGdSiF2bRsP62QVnbcJFVHeZZerVtbG', '1982-11-20', 0, 0, 'http://dummyimage.com/177x247.png/cc0000/ffffff', NULL),
('ldevil2e@utexas.edu', 'ldevil2e', 'Linell', 'Devil', '137gnjAgrfLNavwQ4ymx99rhC68SCDzrib', '1981-06-14', 1, 0, 'http://dummyimage.com/220x128.bmp/ff4444/ffffff', NULL),
('lfarrey3z@twitter.com', 'lfarrey3z', 'Laraine', 'Farrey', '1Hz6xrnk7JdKcTpNPAAp4LjEKzFdxZXBPP', '2016-10-24', 1, 0, 'http://dummyimage.com/243x100.bmp/ff4444/ffffff', NULL),
('lfridlington1t@forbes.com', 'lfridlington1t', 'Lindon', 'Fridlington', '1A9hixCVsRmoJ87gw82qEkz4Qy44AFiwda', '2017-12-30', 0, 0, 'http://dummyimage.com/138x151.jpg/ff4444/ffffff', NULL),
('lgozzett6o@elpais.com', 'lgozzett6o', 'Layne', 'Gozzett', '1LYyEFe8TTCKCWa92ChVncVmKdXxUfF8sv', '2015-02-13', 0, 1, 'http://dummyimage.com/241x119.bmp/5fa2dd/ffffff', NULL),
('lpavlenko1v@github.io', 'lpavlenko1v', 'Leone', 'Pavlenko', '1BCb53vGA6MQNjmawsxpS8ouPwvhkMQJ1S', '1995-03-25', 1, 1, 'http://dummyimage.com/168x138.bmp/cc0000/ffffff', NULL),
('lpogueo@sina.com.cn', 'lpogueo', 'Lowe', 'Pogue', '1QGbk6p3GgTXonjiifDpAeFmmCk1SRzZ7c', '1979-02-13', 1, 0, 'http://dummyimage.com/202x227.jpg/5fa2dd/ffffff', NULL),
('lsantora5a@ifeng.com', 'lsantora5a', 'Lorelle', 'Santora', '18kXt9r1yVxUSWrgzaZZYENSYTHm1F9ruB', '1988-05-10', 1, 1, 'http://dummyimage.com/206x180.bmp/dddddd/000000', NULL),
('maustins3c@360.cn', 'maustins3c', 'Mathilda', 'Austins', '1NtFHpWyJ3uVjM9MHkPFTebCd1sYNs8uiu', '2002-10-26', 1, 0, 'http://dummyimage.com/132x220.jpg/cc0000/ffffff', NULL),
('maveline1e@reverbnation.com', 'maveline1e', 'Melvyn', 'Aveline', '1JeeSgoYZ8vJGEr22vLJhbG5ZYfMDqcpiG', '2014-01-22', 1, 0, 'http://dummyimage.com/186x226.bmp/dddddd/000000', NULL),
('mbowles4u@tamu.edu', 'mbowles4u', 'Margit', 'Bowles', '1nSvoj8E28TNTgGeFtrhdawwQFQHXBUjG', '2003-12-22', 0, 1, 'http://dummyimage.com/176x127.png/ff4444/ffffff', NULL),
('mburnand1h@bandcamp.com', 'mburnand1h', 'Marcellus', 'Burnand', '16eQ9zgqrs1ZBE6XfUWYat7tVKdygwcoBJ', '2002-02-18', 0, 0, 'http://dummyimage.com/135x168.bmp/ff4444/ffffff', NULL),
('meveling29@github.com', 'meveling29', 'Minerva', 'Eveling', '1A2YUkMBFTcJfd9X1PzWKTg5sEMb8fZDJf', '1994-04-24', 0, 1, 'http://dummyimage.com/132x225.bmp/cc0000/ffffff', NULL),
('mfolke1b@diigo.com', 'mfolke1b', 'Miner', 'Folke', '19ftSXzJX296rD7j1VDu4D4ebtSAN8BQDS', '2001-09-05', 0, 0, 'http://dummyimage.com/211x118.jpg/5fa2dd/ffffff', NULL),
('mgiacomuzzi1g@bloglines.com', 'mgiacomuzzi1g', 'Moyra', 'Giacomuzzi', '1H9yKUXJz5r8n1DpYTgR4hSy49qqBt3pWk', '2017-08-09', 0, 0, 'http://dummyimage.com/105x220.png/cc0000/ffffff', NULL),
('mharpham6b@npr.org', 'mharpham6b', 'Marlie', 'Harpham', '1NGpjuzjjRx2RiB3NX1EKgNG5LXeCAXoKV', '1978-12-26', 0, 1, 'http://dummyimage.com/119x108.png/5fa2dd/ffffff', NULL),
('mjaffrey4f@cbc.ca', 'mjaffrey4f', 'Maridel', 'Jaffrey', '1LrXqrS6Xq758bCPCkio2sd9ZDPaiG2soz', '2007-06-16', 0, 1, 'http://dummyimage.com/179x138.bmp/ff4444/ffffff', NULL),
('mklemmt3d@vk.com', 'mklemmt3d', 'Melba', 'Klemmt', '1BJTXMFyZXrXSkZUeWm3QadajvZ4izboNM', '1972-11-14', 1, 1, 'http://dummyimage.com/147x220.png/5fa2dd/ffffff', NULL),
('mlongshawv@ted.com', 'mlongshawv', 'Munroe', 'Longshaw', '1JzHKnM4DgKuFeZyqwY9sN8oaWmD4TyRCE', '1966-04-11', 1, 1, 'http://dummyimage.com/155x134.bmp/5fa2dd/ffffff', NULL),
('mnerney@disqus.com', 'mnerney', 'Maggee', 'Nerne', '1Ju61Xy6mSCmTtrsjg4xpP1A76JZiVQQp3', '1971-11-03', 1, 0, 'http://dummyimage.com/112x135.bmp/ff4444/ffffff', NULL),
('mnorthey4x@livejournal.com', 'mnorthey4x', 'Marchelle', 'Northey', '1LkdJkmF1wVc41eWAwhvTKVQjULPGWuhN4', '2016-05-10', 1, 1, 'http://dummyimage.com/171x194.bmp/5fa2dd/ffffff', NULL),
('mokenfold6w@vk.com', 'mokenfold6w', 'Monte', 'Okenfold', '1Vw1MdQRs7WL7QTZQp6JCJcTh5Agb6iNR', '2011-12-01', 1, 1, 'http://dummyimage.com/106x145.jpg/ff4444/ffffff', NULL),
('mrosenwald38@stumbleupon.com', 'mrosenwald38', 'Meghan', 'Rosenwald', '1Gj1K3nyoYDViQLvxx11wJjPX1N7oYoByf', '2004-07-22', 1, 0, 'http://dummyimage.com/134x234.jpg/cc0000/ffffff', NULL),
('mtebbs23@icio.us', 'mtebbs23', 'Morena', 'Tebbs', '1GredeGkfs4dGT3KGpTzy2W4cAmPqMCscr', '2015-03-29', 0, 1, 'http://dummyimage.com/159x239.jpg/ff4444/ffffff', NULL),
('mweald1l@marriott.com', 'mweald1l', 'Mendel', 'Weald', '1KbkYDcaWSLhiawJNV7wmsaKJnwD3SBudg', '1970-02-11', 0, 0, 'http://dummyimage.com/229x179.png/cc0000/ffffff', NULL),
('mwhitmell2d@rakuten.co.jp', 'mwhitmell2d', 'Marijn', 'Whitmell', '17VeRfEk1bhzSoN8GV85tWEnwfYzqcbFQR', '1978-06-21', 0, 0, 'http://dummyimage.com/149x194.jpg/ff4444/ffffff', NULL),
('narniz6c@go.com', 'narniz6c', 'Niki', 'Arniz', '1yFu97DRx3T2dJGKNj5TPKgV3BxcJsJc7', '2011-08-16', 1, 1, 'http://dummyimage.com/188x139.png/cc0000/ffffff', NULL),
('nedgcombe4t@flickr.com', 'nedgcombe4t', 'Nehemiah', 'Edgcombe', '1CETQGidHNqTVjfq6DnP3nbaBQ4vDNmGz', '1995-03-18', 0, 0, 'http://dummyimage.com/186x236.png/dddddd/000000', NULL),
('nhyman6r@nsw.gov.au', 'nhyman6r', 'Norbert', 'Hyman', '1GXjArNcA4KhEUAvPtHrkS4Emqy8wMRyCY', '2000-02-11', 1, 0, 'http://dummyimage.com/218x166.png/ff4444/ffffff', NULL),
('nliven3q@com.com', 'nliven3q', 'Ninon', 'Liven', '16VT5wLtM2WFZ6nyVYyTFP46ADiR18Hu2h', '1981-09-17', 0, 1, 'http://dummyimage.com/217x177.jpg/cc0000/ffffff', NULL),
('nmahoney6n@hugedomains.com', 'nmahoney6n', 'Nisse', 'Mahoney', '18H9ED5TZsvMxjxDM5HVKbU41prNn3LXEL', '1992-04-19', 1, 0, 'http://dummyimage.com/128x221.png/5fa2dd/ffffff', NULL),
('nshirley37@ted.com', 'nshirley37', 'Noelle', 'Shirley', '13UZgNtrVa74ySSCyiv9BkDHKDizTYDFyp', '1991-07-21', 0, 0, 'http://dummyimage.com/238x100.png/5fa2dd/ffffff', NULL),
('ntosdevin52@cmu.edu', 'ntosdevin52', 'Ninon', 'Tosdevin', '18rP7MUtP7sRvtoxHMpLMctUTXie8LV6sc', '1988-11-16', 1, 1, 'http://dummyimage.com/136x237.bmp/dddddd/000000', NULL),
('ntribbeck4q@ocn.ne.jp', 'ntribbeck4q', 'Nanon', 'Tribbeck', '17xdv8nbcBjGBa12KKu8W2Vb4GksacV4sg', '2011-08-13', 0, 1, 'http://dummyimage.com/118x179.png/5fa2dd/ffffff', NULL),
('ntrueq@eepurl.com', 'ntrueq', 'Nickola', 'True', '17joMZhpTAV5nuAqC1Cn6QXYegYG199WNK', '1971-09-24', 1, 1, 'http://dummyimage.com/105x218.bmp/cc0000/ffffff', NULL),
('ohubback6e@studiopress.com', 'ohubback6e', 'Ogdan', 'Hubback', '1K3CACPetTJ8anV7LmW9ZVp1VyAQ56Qrqx', '2013-01-11', 1, 1, 'http://dummyimage.com/247x110.jpg/cc0000/ffffff', NULL),
('osherynj@ox.ac.uk', 'osherynj', 'Olympe', 'Sheryn', '19kmdhthj1Ra3YQzdieucVEbfNjmKjKUJ2', '2003-07-05', 1, 1, 'http://dummyimage.com/175x223.jpg/ff4444/ffffff', NULL),
('otorpie3@redcross.org', 'otorpie3', 'Orville', 'Torpie', '14zVaf9qSTtryjxLoWx9tbR6nhiPDDyTYW', '2012-01-26', 1, 0, 'http://dummyimage.com/243x175.bmp/5fa2dd/ffffff', NULL),
('pditzel10@github.com', 'pditzel10', 'Phip', 'Ditzel', '1JeibSxmMkoEaPuaLrzqATXiMjkz1TxMvJ', '1989-03-18', 0, 0, 'http://dummyimage.com/103x165.png/dddddd/000000', NULL),
('pgillison36@yolasite.com', 'pgillison36', 'Pearline', 'Gillison', '173nxbX24wLwPQF4ApnH8yQ5zxQviPNT6G', '2007-10-02', 1, 0, 'http://dummyimage.com/207x244.png/5fa2dd/ffffff', NULL),
('pkingswood8@economist.com', 'pkingswood8', 'Patricio', 'Kingswood', '19PPSTt2AsNCe8CBMvM7aRqtt5nnmkxRzq', '1970-09-08', 0, 1, 'http://dummyimage.com/175x244.bmp/dddddd/000000', NULL),
('pmordon2y@google.es', 'pmordon2y', 'Prudy', 'Mordon', '16TWbreNGCNk9gygAEgB4DDt1jECDuEUuu', '2010-07-22', 0, 1, 'http://dummyimage.com/201x229.png/ff4444/ffffff', NULL),
('pottley5e@adobe.com', 'pottley5e', 'Patrice', 'Ottley', '1EBqE3SVmpbECzHqcqyVEdMSeEc1YKvLA2', '1993-01-18', 0, 0, 'http://dummyimage.com/106x156.png/5fa2dd/ffffff', NULL),
('ppedrol@wunderground.com', 'ppedrol', 'Philis', 'Pedro', '1zZD6yVNy5SFSY2ks5yihUwBWE8avQZ6D', '2015-07-12', 1, 1, 'http://dummyimage.com/243x214.png/cc0000/ffffff', NULL),
('pproudman2r@mtv.com', 'pproudman2r', 'Pancho', 'Proudman', '141KdichpyrMFzmrdcYixGCKouJXyfbHhr', '2016-04-18', 0, 1, 'http://dummyimage.com/225x219.bmp/ff4444/ffffff', NULL),
('qlorenzo3i@imdb.com', 'qlorenzo3i', 'Quill', 'Lorenzo', '1AS8UrbVetZnaTtNLj7WTUrtry6Q4BoUDP', '1975-04-10', 0, 0, 'http://dummyimage.com/173x208.png/5fa2dd/ffffff', NULL),
('rchieze4a@go.com', 'rchieze4a', 'Roley', 'Chieze', '148nv8bx4wBWpXwii1BTtvHpx9UVNwG14q', '1991-12-08', 1, 0, 'http://dummyimage.com/115x139.bmp/cc0000/ffffff', NULL),
('rchrippes1o@tmall.com', 'rchrippes1o', 'Ruby', 'Chrippes', '1JyH4CjESzMCvjQh5BsyrrE7q2XmAYfurp', '1980-03-20', 0, 1, 'http://dummyimage.com/161x247.bmp/ff4444/ffffff', NULL),
('rglacken1@google.com.au', 'rglacken1', 'Roze', 'Glacken', '1LqWA8WQFLdfJmLcj4V3YoKkwdzojqd43K', '1975-10-28', 0, 0, 'http://dummyimage.com/235x232.jpg/cc0000/ffffff', NULL),
('rmcruviek@squidoo.com', 'rmcruviek', 'Rem', 'McRuvie', '19a83RMuB8MedhkXHRVCA9KABADubdmXVe', '2008-03-01', 1, 0, 'http://dummyimage.com/200x147.bmp/ff4444/ffffff', NULL),
('rmctague56@who.int', 'rmctague56', 'Ricky', 'McTague', '1JM1g1sx1HuvohYPMGUHgB1Nwfu1jm5AXx', '2003-08-01', 0, 0, 'http://dummyimage.com/128x144.png/5fa2dd/ffffff', NULL),
('rrudd5g@fastcompany.com', 'rrudd5g', 'Rodge', 'Rudd', '1FPGBd4358YeFNSeAesGNPkxyD9s7Pj6V', '1988-08-01', 1, 1, 'http://dummyimage.com/242x158.bmp/dddddd/000000', NULL),
('rsinncock1i@about.com', 'rsinncock1i', 'Ripley', 'Sinncock', '1oXwHEbC7cPP9ZxhhcPMpQTBYFpXFCDRQ', '2013-06-06', 0, 1, 'http://dummyimage.com/170x203.png/dddddd/000000', NULL),
('rsutlieff62@amazon.de', 'rsutlieff62', 'Rodina', 'Sutlieff', '186dMCh69GC2yn98oZNLFMPMHLpdCvbkxQ', '1979-04-30', 1, 0, 'http://dummyimage.com/181x144.jpg/dddddd/000000', NULL),
('rwellbeloved7@google.pl', 'rwellbeloved7', 'Rodolphe', 'Wellbeloved', '1MkmguE13HCTTqnGbZyctn3XDGxVFZJhHS', '1968-12-26', 0, 1, 'http://dummyimage.com/237x103.jpg/dddddd/000000', NULL),
('rwiggington6m@paginegialle.it', 'rwiggington6m', 'Robinet', 'Wiggington', '15j3SAGYWAsqgYbuE1joY1bvAyCy5vyyyP', '2010-12-06', 0, 1, 'http://dummyimage.com/107x208.jpg/5fa2dd/ffffff', NULL),
('rwindridge1n@businessinsider.com', 'rwindridge1n', 'Reba', 'Windridge', '16bLq8kNdJTrHVBsUgc8tsAFRV58r9gsAS', '1966-03-24', 0, 1, 'http://dummyimage.com/119x240.bmp/cc0000/ffffff', NULL),
('sbabinski3l@opensource.org', 'sbabinski3l', 'Salome', 'Babinski', '14HXmtJUyYwz3ojpaCtpJ8rqR8JjG1DUaT', '2007-09-29', 1, 1, 'http://dummyimage.com/236x185.png/cc0000/ffffff', NULL),
('sbonde4o@wufoo.com', 'sbonde4o', 'Spencer', 'Bonde', '1FQPNBT3aR4Gs3DrkLvJSkuh8jp1ovmbfv', '1979-02-26', 0, 1, 'http://dummyimage.com/214x105.jpg/dddddd/000000', NULL),
('sbransby35@eepurl.com', 'sbransby35', 'Sergio', 'Bransby', '1Gk3ssNeWmJdHP6z789bj8fipXBH2xqb9f', '1972-06-25', 0, 1, 'http://dummyimage.com/130x131.png/ff4444/ffffff', NULL),
('scharkhama@photobucket.com', 'scharkhama', 'Siusan', 'Charkham', '1MFCEdLKegRkLVrTr7znGv1MBKRanJL1Cy', '1990-03-28', 1, 0, 'http://dummyimage.com/215x123.bmp/ff4444/ffffff', NULL),
('seasson5p@studiopress.com', 'seasson5p', 'Swen', 'Easson', '1F48v9hSWCta4uSsMv8KHsJnf9LCErzs3y', '1973-04-23', 1, 0, 'http://dummyimage.com/153x210.png/dddddd/000000', NULL),
('sfoxcroft5v@marriott.com', 'sfoxcroft5v', 'Sabra', 'Foxcroft', '1HXiPEQYtKrtgz2y6wCnNoSTTmshC8mvTS', '2014-10-31', 0, 0, 'http://dummyimage.com/145x120.bmp/cc0000/ffffff', NULL),
('spharaoh65@ucsd.edu', 'spharaoh65', 'Shalna', 'Pharaoh', '173jm2H6tgSygFV392FwB5VbesGqfw1G19', '2001-09-09', 1, 1, 'http://dummyimage.com/115x240.png/cc0000/ffffff', NULL),
('spoznanski4r@toplist.cz', 'spoznanski4r', 'Sharai', 'Poznanski', '12yXZv8Li2JWU9DTGUxBR1Lcfdr9dq8VA5', '2015-09-20', 1, 1, 'http://dummyimage.com/228x124.bmp/ff4444/ffffff', NULL),
('spulster4e@comcast.net', 'spulster4e', 'Sig', 'Pulster', '1MLfnbZyB8v1JmKz8Y9aSqik5TZKkqCjgC', '2003-01-02', 1, 0, 'http://dummyimage.com/131x139.bmp/ff4444/ffffff', NULL),
('srainton16@php.net', 'srainton16', 'Shepperd', 'Rainton', '1LmyqExSdbAXsG3HRo4e87zRDAkjKWsDy1', '2011-02-13', 0, 1, 'http://dummyimage.com/217x181.jpg/dddddd/000000', NULL),
('sscargle41@istockphoto.com', 'sscargle41', 'Sydney', 'Scargle', '1AaievC6tV7LPP7FXaNf5B4rRf5eN1Dg4b', '2003-03-29', 0, 0, 'http://dummyimage.com/177x134.png/dddddd/000000', NULL),
('sseine2b@deviantart.com', 'sseine2b', 'Simmonds', 'Seine', '1Cu4sksDPH66W8FpD9qce4MWXxKK4ivrrR', '2015-09-09', 0, 0, 'http://dummyimage.com/237x186.png/dddddd/000000', NULL),
('ssimoncini17@yahoo.co.jp', 'ssimoncini17', 'Sandy', 'Simoncini', '14bHJjyoxYWkbEfgNZnLHTiwo3RgqZAvVT', '1984-12-16', 1, 1, 'http://dummyimage.com/231x213.png/dddddd/000000', NULL),
('swalsh2h@wikispaces.com', 'swalsh2h', 'Sonja', 'Walsh', '19kfvA4exFkPfPjm1DwZaSy3Rn5jiaKU7q', '1977-04-06', 0, 0, 'http://dummyimage.com/157x114.png/ff4444/ffffff', NULL),
('swhitlam5x@hostgator.com', 'swhitlam5x', 'Sammy', 'Whitlam', '14ddGBx5pzeeomEdjTAmAsp7T2E2gNdUqi', '1966-11-17', 1, 0, 'http://dummyimage.com/108x229.png/cc0000/ffffff', NULL),
('swilks3o@tinyurl.com', 'swilks3o', 'Sallee', 'Wilks', '13uxRAaz7Qi1WCnRBjnsgGzstUCVcYX8cK', '2003-06-26', 0, 0, 'http://dummyimage.com/158x223.bmp/5fa2dd/ffffff', NULL),
('swintle5t@spotify.com', 'swintle5t', 'Siana', 'Wintle', '14D6HU711EhC5muHnirZchvhhEXSytwcKL', '1970-12-24', 0, 0, 'http://dummyimage.com/193x241.png/dddddd/000000', NULL),
('szamora25@trellian.com', 'szamora25', 'Sayre', 'Zamora', '1QDy6wEAu9CWsRCDQVLeavJG1YjUVytmkb', '2015-03-05', 1, 0, 'http://dummyimage.com/130x197.bmp/cc0000/ffffff', NULL),
('tarnefield53@cbslocal.com', 'tarnefield53', 'Tawsha', 'Arnefield', '1PEpvXC75X3dgAYzxngXzyopnVwZTJpNXZ', '1981-10-27', 0, 1, 'http://dummyimage.com/124x198.jpg/cc0000/ffffff', NULL),
('tbruyett2@discuz.net', 'tbruyett2', 'Terese', 'Bruyett', '1FFc15YgRErD2rqAEM9mJjPrrRi7DXsm4c', '2006-06-19', 0, 1, 'http://dummyimage.com/185x207.bmp/5fa2dd/ffffff', NULL),
('tcahalan4h@tuttocitta.it', 'tcahalan4h', 'Tait', 'Cahalan', '1GMaFyuBkF5SPGHcmkzPMg1SbHcV2h2jPv', '2005-04-28', 0, 0, 'http://dummyimage.com/201x172.png/5fa2dd/ffffff', NULL),
('tclingoe1q@g.co', 'tclingoe1q', 'Tedie', 'Clingoe', '1KiV7xxMiU7LVKaFJCVtMe1jxcNvCrSzA7', '2002-02-11', 1, 1, 'http://dummyimage.com/178x147.jpg/cc0000/ffffff', NULL),
('teastcott33@github.io', 'teastcott33', 'Townsend', 'Eastcott', '1PpvFFsLBDgLVTHL9gAjqBGLyZfjQ9xEDY', '1998-10-14', 0, 0, 'http://dummyimage.com/121x158.jpg/dddddd/000000', NULL),
('tessamm@tripadvisor.com', 'tessamm', 'Torry', 'Essam', '139krb2Ympea6JFoXdH9GUxuFWTc5xtvBg', '1968-04-02', 1, 0, 'http://dummyimage.com/237x172.jpg/5fa2dd/ffffff', NULL),
('tfrancescotti6p@ibm.com', 'tfrancescotti6p', 'Tallulah', 'Francescotti', '1DdALBSqcN6pKerguuhMtXZXNELimJSMxs', '1973-06-01', 1, 1, 'http://dummyimage.com/170x230.png/cc0000/ffffff', NULL),
('tjohnceyf@eventbrite.com', 'tjohnceyf', 'Theodore', 'Johncey', '13fr6BD3nsXLNDr1LPcXUCwFrBFF3y7dEM', '1988-07-01', 1, 0, 'http://dummyimage.com/131x102.jpg/dddddd/000000', NULL),
('tlapere61@sfgate.com', 'tlapere61', 'Tiphani', 'Lapere', '131wEAYobs9dTtG78D3oqrVmby5ZJ3nVg8', '2003-06-08', 1, 0, 'http://dummyimage.com/207x144.png/5fa2dd/ffffff', NULL),
('toldrey3t@free.fr', 'toldrey3t', 'Tobey', 'Oldrey', '1JJHn8F93ai5jW4uMNZKU1LmdajuZQ9ZWv', '1986-04-05', 1, 1, 'http://dummyimage.com/198x151.jpg/cc0000/ffffff', NULL),
('tspriddle12@mapy.cz', 'tspriddle12', 'Thomasin', 'Spriddle', '1Mc3EB3HwWFTZNdhGLQZM1HTNGTWhSdEDT', '2014-09-20', 1, 0, 'http://dummyimage.com/222x197.bmp/dddddd/000000', NULL),
('uallam2i@bluehost.com', 'uallam2i', 'Uriah', 'Allam', '15Z5gQ19bPTxbT1YiboF9RSswJhbXpaYYc', '1967-03-30', 1, 0, 'http://dummyimage.com/190x108.jpg/5fa2dd/ffffff', NULL),
('vfernley6s@plala.or.jp', 'vfernley6s', 'Victor', 'Fernley', '1PakwUdyo2F6yk7q6WRQRrUTvP3vrp2vKy', '1973-04-21', 1, 0, 'http://dummyimage.com/130x200.bmp/5fa2dd/ffffff', NULL),
('vgornall3j@blogger.com', 'vgornall3j', 'Victor', 'Gornall', '1P54Gqa3KPRr9G1tMEvpegVmCzA1vcgek1', '2010-02-07', 0, 0, 'http://dummyimage.com/170x101.jpg/5fa2dd/ffffff', NULL),
('vmalinowski6x@diigo.com', 'vmalinowski6x', 'Vanda', 'Malinowski', '1N9BEYsUKR92j7HtGmqWnJ6nLrWDGMP1Bm', '2012-05-25', 1, 0, 'http://dummyimage.com/107x133.jpg/5fa2dd/ffffff', NULL),
('vollcott4j@clickbank.net', 'vollcott4j', 'Vida', 'Ollcott', '14eZCfsXHyPuehZWmbptPNfqi2HRq3p6j3', '1976-12-30', 1, 1, 'http://dummyimage.com/119x140.bmp/dddddd/000000', NULL),
('vsellen4@usgs.gov', 'vsellen4', 'Vida', 'Sellen', '1HmbPSfNbBJyCcXPvbU9jq7j4YF1QgmgWe', '1995-01-12', 0, 1, 'http://dummyimage.com/199x220.jpg/5fa2dd/ffffff', NULL),
('vumbers11@weibo.com', 'vumbers11', 'Vonny', 'Umbers', '1xJwJrYeFJKbCRm5hAuZiP8asdSLtVppb', '1974-08-04', 1, 0, 'http://dummyimage.com/198x163.jpg/ff4444/ffffff', NULL),
('wcroce6u@flavors.me', 'wcroce6u', 'Westley', 'Croce', '1EbEwW5cshVGgfeeHzCoCgWM4YiPjAgYmz', '2015-06-26', 1, 0, 'http://dummyimage.com/155x130.png/ff4444/ffffff', NULL),
('wmolden2x@chron.com', 'wmolden2x', 'Waylin', 'Molden', '1MXibSviaTUDhWdZ8xcu3s2QYHRNjEZr9G', '1983-01-25', 1, 0, 'http://dummyimage.com/224x195.png/dddddd/000000', NULL),
('wphysic2o@biblegateway.com', 'wphysic2o', 'Willis', 'Physic', '12CYRQgMp84zmQr7GNJYEVEtzJ9rbRxdhB', '1969-06-05', 0, 0, 'http://dummyimage.com/249x168.jpg/cc0000/ffffff', NULL),
('wsines1f@mysql.com', 'wsines1f', 'Wildon', 'Sines', '1E4NoLrU7Xm8uNjLAQZ1ee9RgvT5zdX2rR', '2001-06-16', 1, 0, 'http://dummyimage.com/149x160.bmp/ff4444/ffffff', NULL),
('yagentz@printfriendly.com', 'yagentz', 'Yank', 'Agent', '185AUPYjfKAFMZEpKjUSTWKgwyTqdKUuqe', '1969-01-08', 1, 0, 'http://dummyimage.com/168x176.jpg/dddddd/000000', NULL),
('yvigietti6@ehow.com', 'yvigietti6', 'Yvon', 'Vigietti', '1CPRQUhR8PezAS4uveG9KoChAaSzDkJ6Ed', '1990-06-20', 0, 1, 'http://dummyimage.com/214x137.jpg/5fa2dd/ffffff', NULL),
('zshales2k@epa.gov', 'zshales2k', 'Zena', 'Shales', '16D9fAWkhFM12Bfz6wKmmQ7zkESQuAhdDH', '1979-10-21', 0, 1, 'http://dummyimage.com/159x213.png/dddddd/000000', NULL);

--
-- Índices para tablas volcadas
--

--
-- Indices de la tabla `comment`
--
ALTER TABLE `comment`
  ADD PRIMARY KEY (`commentId`,`image_imageId`),
  ADD KEY `fk_COMENTARIOS_USUARIO1_idx` (`user_email`),
  ADD KEY `fk_COMENTARIOS_IMAGENES1_idx` (`image_imageId`);

--
-- Indices de la tabla `image`
--
ALTER TABLE `image`
  ADD PRIMARY KEY (`imageId`),
  ADD KEY `fk_IMAGENES_REPOSITORIO1_idx` (`repository_repositoryId`);

--
-- Indices de la tabla `image_has_tag`
--
ALTER TABLE `image_has_tag`
  ADD PRIMARY KEY (`image_imageId`,`tag_value`),
  ADD KEY `fk_IMAGES_has_TAGS_IMAGES1_idx` (`image_imageId`),
  ADD KEY `fk_image_has_tag_tag1_idx` (`tag_value`);

--
-- Indices de la tabla `repository`
--
ALTER TABLE `repository`
  ADD PRIMARY KEY (`repositoryId`);

--
-- Indices de la tabla `repository_has_user`
--
ALTER TABLE `repository_has_user`
  ADD PRIMARY KEY (`repository_repositoryId`,`user_email`),
  ADD KEY `fk_REPOSITORY_has_USER_USER1_idx` (`user_email`),
  ADD KEY `fk_REPOSITORY_has_USER_REPOSITORY1_idx` (`repository_repositoryId`);

--
-- Indices de la tabla `tag`
--
ALTER TABLE `tag`
  ADD PRIMARY KEY (`value`);

--
-- Indices de la tabla `user`
--
ALTER TABLE `user`
  ADD PRIMARY KEY (`email`,`username`);

--
-- AUTO_INCREMENT de las tablas volcadas
--

--
-- AUTO_INCREMENT de la tabla `comment`
--
ALTER TABLE `comment`
  MODIFY `commentId` int(10) UNSIGNED NOT NULL AUTO_INCREMENT;

--
-- Restricciones para tablas volcadas
--

--
-- Filtros para la tabla `comment`
--
ALTER TABLE `comment`
  ADD CONSTRAINT `fk_COMENTARIOS_IMAGENES1` FOREIGN KEY (`image_imageId`) REFERENCES `image` (`imageId`) ON DELETE NO ACTION ON UPDATE NO ACTION,
  ADD CONSTRAINT `fk_COMENTARIOS_USUARIO1` FOREIGN KEY (`user_email`) REFERENCES `user` (`email`) ON DELETE NO ACTION ON UPDATE NO ACTION;

--
-- Filtros para la tabla `image`
--
ALTER TABLE `image`
  ADD CONSTRAINT `fk_IMAGENES_REPOSITORIO1` FOREIGN KEY (`repository_repositoryId`) REFERENCES `repository` (`repositoryId`) ON DELETE NO ACTION ON UPDATE NO ACTION;

--
-- Filtros para la tabla `image_has_tag`
--
ALTER TABLE `image_has_tag`
  ADD CONSTRAINT `fk_IMAGES_has_TAGS_IMAGES1` FOREIGN KEY (`image_imageId`) REFERENCES `image` (`imageId`) ON DELETE NO ACTION ON UPDATE NO ACTION,
  ADD CONSTRAINT `fk_image_has_tag_tag1` FOREIGN KEY (`tag_value`) REFERENCES `tag` (`value`) ON DELETE NO ACTION ON UPDATE NO ACTION;

--
-- Filtros para la tabla `repository_has_user`
--
ALTER TABLE `repository_has_user`
  ADD CONSTRAINT `fk_REPOSITORY_has_USER_REPOSITORY1` FOREIGN KEY (`repository_repositoryId`) REFERENCES `repository` (`repositoryId`) ON DELETE NO ACTION ON UPDATE NO ACTION,
  ADD CONSTRAINT `fk_REPOSITORY_has_USER_USER1` FOREIGN KEY (`user_email`) REFERENCES `user` (`email`) ON DELETE NO ACTION ON UPDATE NO ACTION;
COMMIT;
